StartDate,EndDate,Status,IPAddress,Progress,Duration (in seconds),Finished,RecordedDate,ResponseId,RecipientLastName,RecipientFirstName,RecipientEmail,ExternalReference,LocationLatitude,LocationLongitude,DistributionChannel,UserLanguage,prolific,nytimes_mallet_42,nytimes_mallet_11,nytimes_mallet_28,nytimes_mallet_36,nytimes_mallet_49,nytimes_mallet_8,nytimes_mallet_45,nytimes_mallet_6,nytimes_mallet_35,nytimes_mallet_37,nytimes_mallet_34,nytimes_mallet_39,nytimes_mallet_0,nytimes_mallet_14,nytimes_mallet_27,nytimes_mallet_15,nytimes_mallet_25,nytimes_mallet_46,nytimes_mallet_48,nytimes_mallet_4,nytimes_mallet_9,nytimes_mallet_19,nytimes_mallet_29,nytimes_mallet_31,nytimes_mallet_40,nytimes_mallet_43,nytimes_mallet_23,nytimes_mallet_10,nytimes_mallet_26,nytimes_mallet_16,nytimes_mallet_30,nytimes_mallet_32,nytimes_mallet_13,nytimes_mallet_18,nytimes_mallet_22,nytimes_mallet_21,nytimes_mallet_47,nytimes_mallet_7,nytimes_mallet_17,nytimes_mallet_33,nytimes_mallet_5,nytimes_mallet_41,nytimes_mallet_3,nytimes_mallet_1,nytimes_mallet_24,nytimes_mallet_38,nytimes_mallet_2,nytimes_mallet_44,nytimes_mallet_12,nytimes_mallet_20,nytimes_dvae_0,nytimes_dvae_17,nytimes_dvae_2,nytimes_dvae_22,nytimes_dvae_6,nytimes_dvae_8,nytimes_dvae_29,nytimes_dvae_5,nytimes_dvae_48,nytimes_dvae_14,nytimes_dvae_21,nytimes_dvae_13,nytimes_dvae_43,nytimes_dvae_24,nytimes_dvae_10,nytimes_dvae_26,nytimes_dvae_36,nytimes_dvae_16,nytimes_dvae_15,nytimes_dvae_19,nytimes_dvae_11,nytimes_dvae_4,nytimes_dvae_37,nytimes_dvae_45,nytimes_dvae_23,nytimes_dvae_47,nytimes_dvae_34,nytimes_dvae_32,nytimes_dvae_44,nytimes_dvae_42,nytimes_dvae_28,nytimes_dvae_7,nytimes_dvae_3,nytimes_dvae_18,nytimes_dvae_25,nytimes_dvae_9,nytimes_dvae_27,nytimes_dvae_41,nytimes_dvae_20,nytimes_dvae_31,nytimes_dvae_35,nytimes_dvae_1,nytimes_dvae_12,nytimes_dvae_30,nytimes_dvae_40,nytimes_dvae_49,nytimes_dvae_33,nytimes_dvae_39,nytimes_dvae_38,nytimes_dvae_46,nytimes_etm_49,nytimes_etm_25,nytimes_etm_19,nytimes_etm_31,nytimes_etm_30,nytimes_etm_39,nytimes_etm_5,nytimes_etm_13,nytimes_etm_29,nytimes_etm_22,nytimes_etm_28,nytimes_etm_32,nytimes_etm_7,nytimes_etm_36,nytimes_etm_33,nytimes_etm_15,nytimes_etm_35,nytimes_etm_40,nytimes_etm_45,nytimes_etm_26,nytimes_etm_48,nytimes_etm_2,nytimes_etm_4,nytimes_etm_1,nytimes_etm_47,nytimes_etm_42,nytimes_etm_8,nytimes_etm_43,nytimes_etm_44,nytimes_etm_3,nytimes_etm_10,nytimes_etm_0,nytimes_etm_37,nytimes_etm_18,nytimes_etm_24,nytimes_etm_46,nytimes_etm_41,nytimes_etm_16,nytimes_etm_34,nytimes_etm_9,nytimes_etm_14,nytimes_etm_12,nytimes_etm_23,nytimes_etm_17,nytimes_etm_20,nytimes_etm_38,nytimes_etm_6,nytimes_etm_21,nytimes_etm_27,nytimes_etm_11,wikitext_fake_10000,wikitext_fake_10001,wikitext_fake_10002,wikitext_fake_10003,wikitext_fake_10004,wikitext_fake_10005,wikitext_fake_10006,wikitext_fake_10007,nytimes_fake_10008,nytimes_fake_10009,nytimes_fake_10010,nytimes_fake_10011,nytimes_fake_10012,nytimes_fake_10013,nytimes_fake_10014,nytimes_fake_10015,PROLIFIC_PID
Start Date,End Date,Response Type,IP Address,Progress,Duration (in seconds),Finished,Recorded Date,Response ID,Recipient Last Name,Recipient First Name,Recipient Email,External Data Reference,Location Latitude,Location Longitude,Distribution Channel,User Language,Please enter your Prolific PID:,"Please rate how related the following terms are to each other and how familiar you are with the terms:
 tax, year, percent, million, money, budget, pay, workers, people, billion","Please rate how related the following terms are to each other and how familiar you are with the terms:
 city, mayor, state, new_york, new_york_city, officials, county, yesterday, governor, giuliani","Please rate how related the following terms are to each other and how familiar you are with the terms:
 street, tickets, sunday, avenue, information, free, tomorrow, admission, west, saturday","Please rate how related the following terms are to each other and how familiar you are with the terms:
 music, band, songs, jazz, rock, song, album, pop, singer, night","Please rate how related the following terms are to each other and how familiar you are with the terms:
 life, story, man, love, young, characters, time, woman, film, character","Please rate how related the following terms are to each other and how familiar you are with the terms:
 percent, year, market, prices, economy, rose, rates, quarter, rate, growth","Please rate how related the following terms are to each other and how familiar you are with the terms:
 book, books, life, author, history, world, published, wrote, writing, writer","Please rate how related the following terms are to each other and how familiar you are with the terms:
 game, season, giants, yards, team, jets, football, play, quarterback, coach","Please rate how related the following terms are to each other and how familiar you are with the terms:
 scientists, research, space, science, human, years, researchers, scientific, found, cells","Please rate how related the following terms are to each other and how familiar you are with the terms:
 black, women, church, white, people, religious, men, jewish, gay, group","Please rate how related the following terms are to each other and how familiar you are with the terms:
 car, cars, ford, auto, vehicles, water, light, steel, air, plastic","Please rate how related the following terms are to each other and how familiar you are with the terms:
 film, theater, movie, play, director, films, broadway, production, movies, hollywood","Please rate how related the following terms are to each other and how familiar you are with the terms:
 oil, water, plant, environmental, gas, power, energy, state, million, nuclear","Please rate how related the following terms are to each other and how familiar you are with the terms:
 school, students, children, schools, education, year, college, parents, high, student","Please rate how related the following terms are to each other and how familiar you are with the terms:
 article, page, editor, advertising, president, new_york, correction, misstated, amp, magazine","Please rate how related the following terms are to each other and how familiar you are with the terms:
 restaurant, wine, food, restaurants, dinner, street, menu, good, sauce, dishes","Please rate how related the following terms are to each other and how familiar you are with the terms:
 television, network, news, cable, nbc, year, cbs, time, radio, broadcast","Please rate how related the following terms are to each other and how familiar you are with the terms:
 year, won, world, round, race, team, time, win, olympic, champion","Please rate how related the following terms are to each other and how familiar you are with the terms:
 bank, money, fund, stock, banks, financial, investors, funds, companies, firm","Please rate how related the following terms are to each other and how familiar you are with the terms:
 officials, board, report, union, members, agency, yesterday, meeting, today, committee","Please rate how related the following terms are to each other and how familiar you are with the terms:
 music, dance, opera, program, work, orchestra, performance, works, concert, ballet","Please rate how related the following terms are to each other and how familiar you are with the terms:
 new_york, son, father, daughter, died, years, married, graduated, president, yesterday","Please rate how related the following terms are to each other and how familiar you are with the terms:
 health, drug, patients, medical, people, doctors, care, aids, disease, drugs","Please rate how related the following terms are to each other and how familiar you are with the terms:
 yankees, game, mets, season, run, baseball, games, hit, runs, home","Please rate how related the following terms are to each other and how familiar you are with the terms:
 year, players, contract, team, coach, league, signed, baseball, sports, million","Please rate how related the following terms are to each other and how familiar you are with the terms:
 case, trial, charges, judge, federal, prison, jury, prosecutors, lawyer, attorney","Please rate how related the following terms are to each other and how familiar you are with the terms:
 court, law, judge, case, state, federal, legal, decision, rights, lawyers","Please rate how related the following terms are to each other and how familiar you are with the terms:
 people, time, day, years, home, year, life, family, man, good","Please rate how related the following terms are to each other and how familiar you are with the terms:
 campaign, election, political, republican, party, state, voters, democratic, candidates, vote","Please rate how related the following terms are to each other and how familiar you are with the terms:
 water, year, trees, summer, miles, garden, day, fish, plants, park","Please rate how related the following terms are to each other and how familiar you are with the terms:
 company, million, companies, business, percent, year, billion, executive, sales, industry","Please rate how related the following terms are to each other and how familiar you are with the terms:
 game, points, team, knicks, season, basketball, play, nets, games, coach","Please rate how related the following terms are to each other and how familiar you are with the terms:
 net, share, earns, company, reports, qtr, sales, loss, lead, revenue","Please rate how related the following terms are to each other and how familiar you are with the terms:
 percent, bonds, million, rate, bond, bills, notes, year, yield, treasury","Please rate how related the following terms are to each other and how familiar you are with the terms:
 people, editor, time, world, good, years, public, long, fact, work","Please rate how related the following terms are to each other and how familiar you are with the terms:
 game, rangers, team, season, goal, games, devils, play, goals, hockey","Please rate how related the following terms are to each other and how familiar you are with the terms:
 family, beloved, wife, husband, late, loving, mother, father, devoted, brother","Please rate how related the following terms are to each other and how familiar you are with the terms:
 bill, senate, congress, house, republican, senator, republicans, vote, legislation, democrats","Please rate how related the following terms are to each other and how familiar you are with the terms:
 israel, israeli, peace, palestinian, united_nations, united_states, nuclear, iraq, iran, officials","Please rate how related the following terms are to each other and how familiar you are with the terms:
 minutes, add, salt, oil, cup, pepper, food, heat, cook, time","Please rate how related the following terms are to each other and how familiar you are with the terms:
 police, officers, yesterday, man, year, fire, people, officer, killed, shot","Please rate how related the following terms are to each other and how familiar you are with the terms:
 computer, internet, technology, web, software, information, system, site, company, companies","Please rate how related the following terms are to each other and how familiar you are with the terms:
 building, city, street, square, buildings, years, space, house, town, project","Please rate how related the following terms are to each other and how familiar you are with the terms:
 war, military, american, iraq, officials, army, troops, soldiers, government, forces","Please rate how related the following terms are to each other and how familiar you are with the terms:
 government, political, minister, soviet, president, country, today, russian, party, russia","Please rate how related the following terms are to each other and how familiar you are with the terms:
 travel, airport, flight, airline, hotel, passengers, service, plane, traffic, train","Please rate how related the following terms are to each other and how familiar you are with the terms:
 president, bush, clinton, administration, white_house, washington, secretary, policy, today, reagan","Please rate how related the following terms are to each other and how familiar you are with the terms:
 bedroom, room, bath, taxes, year, market, listed, kitchen, broker, weeks","Please rate how related the following terms are to each other and how familiar you are with the terms:
 united_states, american, china, japan, trade, countries, japanese, chinese, world, foreign","Please rate how related the following terms are to each other and how familiar you are with the terms:
 art, work, museum, artist, artists, century, fashion, paintings, works, exhibition","Please rate how related the following terms are to each other and how familiar you are with the terms:
 bridegroom, officiated, laude, bride, cum, magna, graduated, weddings, officiate, married","Please rate how related the following terms are to each other and how familiar you are with the terms:
 touchdown, touchdowns, quarterback, parcells, linebacker, cornerback, 49ers, giants, yards, colts","Please rate how related the following terms are to each other and how familiar you are with the terms:
 shareholders, earnings, federated, mci, shares, takeover, new_york_stock_exchange, merger, campeau, cents","Please rate how related the following terms are to each other and how familiar you are with the terms:
 enron, stocks, investors, hedge, derivatives, salomon, mutual, brokerage, securities, firms","Please rate how related the following terms are to each other and how familiar you are with the terms:
 paintings, sculptures, galleries, picasso, sculpture, drawings, exhibitions, gallery, curators, exhibition","Please rate how related the following terms are to each other and how familiar you are with the terms:
 interment, nee, cherished, loving, adored, beloved, lieu, reposing, grandmother, graveside","Please rate how related the following terms are to each other and how familiar you are with the terms:
 addenda, billings, omnicom_group, interpublic_group_of_companies, interpublic, advertising, wpp_group, advertisers, saatchi, publicis","Please rate how related the following terms are to each other and how familiar you are with the terms:
 condolences, mourns, mourn, board_of_directors, heartfelt, deepest, esteemed, sympathies, sorrow, saddened","Please rate how related the following terms are to each other and how familiar you are with the terms:
 north_korea, missiles, security_council, nuclear, warheads, missile, iraq, treaty, hussein, iran","Please rate how related the following terms are to each other and how familiar you are with the terms:
 arafat, hamas, gaza, palestinians, west_bank, palestinian, gaza_strip, israelis, yasir_arafat, israeli","Please rate how related the following terms are to each other and how familiar you are with the terms:
 tablespoons, teaspoon, servings, tablespoon, garlic, sauce, chopped, pepper, grilled, onion","Please rate how related the following terms are to each other and how familiar you are with the terms:
 album, pareles, albums, songs, guitar, saxophonist, drummer, jazz, funk, melodies","Please rate how related the following terms are to each other and how familiar you are with the terms:
 devils, islanders, puck, rangers, defenseman, goalie, putt, wimbledon, agassi, birdie","Please rate how related the following terms are to each other and how familiar you are with the terms:
 bishops, catholics, pope, priests, vatican, archbishop, john_paul_ii, cardinal, diocese, jews","Please rate how related the following terms are to each other and how familiar you are with the terms:
 detectives, precinct, police, robbery, police_department, officers, manslaughter, shootings, gunman, detective","Please rate how related the following terms are to each other and how familiar you are with the terms:
 microsoft, google, desktop, macintosh, software, intel, browser, wireless, users, computing","Please rate how related the following terms are to each other and how familiar you are with the terms:
 genes, cells, vaccine, virus, infected, patients, hormone, infections, gene, symptoms","Please rate how related the following terms are to each other and how familiar you are with the terms:
 dinkins, giuliani, ferrer, bloomberg, vallone, pataki, mayoral, mcgreevey, comptroller, mayor","Please rate how related the following terms are to each other and how familiar you are with the terms:
 airlines, airline, fares, passengers, federal_aviation_administration, controllers, pilots, airways, new_jersey_transit, amtrak","Please rate how related the following terms are to each other and how familiar you are with the terms:
 species, wildlife, salmon, fishermen, fishing, fish, deer, trout, birds, habitat","Please rate how related the following terms are to each other and how familiar you are with the terms:
 teachers, curriculum, regents, educators, graders, colleges, students, tuition, cuny, schools","Please rate how related the following terms are to each other and how familiar you are with the terms:
 abc, nbc, cbs, nielsen, viewers, programming, murdoch, advertisers, fox, networks","Please rate how related the following terms are to each other and how familiar you are with the terms:
 grandchildren, survived, obituary, died, lieu, complications, daughters, cancer, lived, nyc","Please rate how related the following terms are to each other and how familiar you are with the terms:
 medicare, republicans, gingrich, social_security, senate, democrats, bipartisan, tax, republican, medicaid","Please rate how related the following terms are to each other and how familiar you are with the terms:
 tenants, tenant, zoning, rents, landlords, developers, redevelopment, apartments, landlord, condominiums","Please rate how related the following terms are to each other and how familiar you are with the terms:
 wines, wine, cabernet, bordeaux, vineyards, winery, grapes, chardonnay, wineries, cruises","Please rate how related the following terms are to each other and how familiar you are with the terms:
 nasa, emissions, dioxide, ozone, spacecraft, astronauts, reactors, telescope, reactor, gases","Please rate how related the following terms are to each other and how familiar you are with the terms:
 spade, derby, belmont, colt, spades, dummy, preakness, holyfield, diagramed, tyson","Please rate how related the following terms are to each other and how familiar you are with the terms:
 treas, telerate, yield, bonds, municipal_bond_index, infl, underwriters, debentures, bds, bond_buyer","Please rate how related the following terms are to each other and how familiar you are with the terms:
 yea, nay, gore, dukakis, kerry, dole, mccain, primaries, perot, lieberman","Please rate how related the following terms are to each other and how familiar you are with the terms:
 rebounds, knicks, nets, ewing, lakers, kidd, pistons, pointer, bulls, sprewell","Please rate how related the following terms are to each other and how familiar you are with the terms:
 dow, tenths, index, stocks, federal_reserve, futures, yen, opec, inflation, composite","Please rate how related the following terms are to each other and how familiar you are with the terms:
 justices, jurors, supreme_court, united_states_court_of_appeals, justice, appellate, judges, unconstitutional, plaintiffs, constitutional","Please rate how related the following terms are to each other and how familiar you are with the terms:
 rhp, lhp, ahl, optioned, pcl, umpires, steinbrenner, outfielder, activated, waived","Please rate how related the following terms are to each other and how familiar you are with the terms:
 serbs, serbian, serb, bosnian, sunni, milosevic, sarajevo, croatian, taliban, bosnia","Please rate how related the following terms are to each other and how familiar you are with the terms:
 medicaid, medicare, hospitals, welfare, uninsured, patients, new_york_times_neediest_cases_fund, nurses, insurers, employers","Please rate how related the following terms are to each other and how familiar you are with the terms:
 lewinsky, meese, starr, gotti, prosecutors, whitewater, racketeering, perjury, indictment, prosecutor","Please rate how related the following terms are to each other and how familiar you are with the terms:
 bathrooms, bath, bedrooms, fireplace, broker, bedroom, deductible, doormen, prewar, den","Please rate how related the following terms are to each other and how familiar you are with the terms:
 knopf, bantam, random_house, harpercollins, giroux, nonfiction, doubleday, schuster, ballantine, novel","Please rate how related the following terms are to each other and how familiar you are with the terms:
 gardeners, bulbs, foliage, shrubs, gardening, moisture, plants, insulation, soil, bulb","Please rate how related the following terms are to each other and how familiar you are with the terms:
 pg-13, screenplay, film, films, comedy, actors, starring, playwright, directed, adaptation","Please rate how related the following terms are to each other and how familiar you are with the terms:
 inc, 6mo, earns, otc, rev, qtr, 9mo, nyse, outst, dec","Please rate how related the following terms are to each other and how familiar you are with the terms:
 skirts, dresses, chanel, couture, fashion, jackets, cashmere, clothes, pants, designers","Please rate how related the following terms are to each other and how familiar you are with the terms:
 aristide, gorbachev, yeltsin, khmer_rouge, communist_party, mandela, parliament, communists, african_national_congress, de_klerk","Please rate how related the following terms are to each other and how familiar you are with the terms:
 saturdays, tuesdays, fridays, sundays, thursdays, wednesdays, mondays, tickets, admission, ext","Please rate how related the following terms are to each other and how familiar you are with the terms:
 tariffs, exports, international_monetary_fund, imports, world_bank, currency, currencies, opec, economies, european_community","Please rate how related the following terms are to each other and how familiar you are with the terms:
 inc, otc, qtr, earns, rev, 6mo, outst, 9mo, nyse, net","Please rate how related the following terms are to each other and how familiar you are with the terms:
 concerto, balanchine, mozart, orchestra, brahms, beethoven, recital, choreographers, schubert, composers","Please rate how related the following terms are to each other and how familiar you are with the terms:
 inc, 9mo, earns, otc, qtr, rev, 6mo, nyse, outst, dec","Please rate how related the following terms are to each other and how familiar you are with the terms:
 inning, innings, torre, mets, hitter, bullpen, yankees, pitchers, fastball, clemens","Please rate how related the following terms are to each other and how familiar you are with the terms:
 father, late, wife, mother, daughter, husband, beloved, son, loving, amp","Please rate how related the following terms are to each other and how familiar you are with the terms:
 great, member, members, served, friends, friend, entire, jewish, king, service","Please rate how related the following terms are to each other and how familiar you are with the terms:
 like, little, good, best, line, hard, makes, small, find, long","Please rate how related the following terms are to each other and how familiar you are with the terms:
 black, school, students, television, schools, college, public, education, high, program","Please rate how related the following terms are to each other and how familiar you are with the terms:
 end, set, time, step, return, let, beginning, forced, future, come","Please rate how related the following terms are to each other and how familiar you are with the terms:
 building, room, old, year, market, weeks, taxes, bedroom, listed, house","Please rate how related the following terms are to each other and how familiar you are with the terms:
 music, band, songs, concert, rock, dance, jazz, album, musical, musicians","Please rate how related the following terms are to each other and how familiar you are with the terms:
 computer, internet, technology, web, system, software, computers, systems, video, data","Please rate how related the following terms are to each other and how familiar you are with the terms:
 new, long, change, way, work, big, small, lines, different, high","Please rate how related the following terms are to each other and how familiar you are with the terms:
 health, medical, drug, research, doctors, patients, drugs, study, aids, blood","Please rate how related the following terms are to each other and how familiar you are with the terms:
 art, works, century, museum, artist, exhibition, artists, painting, gallery, paintings","Please rate how related the following terms are to each other and how familiar you are with the terms:
 court, judge, law, case, federal, lawyer, trial, lawyers, charges, justice","Please rate how related the following terms are to each other and how familiar you are with the terms:
 street, avenue, west, information, sunday, tickets, tomorrow, east, free, park","Please rate how related the following terms are to each other and how familiar you are with the terms:
 children, women, young, woman, child, mother, old, love, parents, age","Please rate how related the following terms are to each other and how familiar you are with the terms:
 million, money, budget, tax, year, billion, pay, spending, cost, costs","Please rate how related the following terms are to each other and how familiar you are with the terms:
 week, article, page, march, tuesday, june, july, friday, thursday, wednesday","Please rate how related the following terms are to each other and how familiar you are with the terms:
 editor, book, wrote, published, magazine, books, author, written, paper, professor","Please rate how related the following terms are to each other and how familiar you are with the terms:
 world, work, man, way, history, sense, men, life, time, play","Please rate how related the following terms are to each other and how familiar you are with the terms:
 power, number, control, according, increase, large, likely, result, system, use","Please rate how related the following terms are to each other and how familiar you are with the terms:
 won, victory, win, lead, run, second, points, night, fourth, round","Please rate how related the following terms are to each other and how familiar you are with the terms:
 state, officials, report, california, evidence, policy, states, use, cases, found","Please rate how related the following terms are to each other and how familiar you are with the terms:
 years, life, family, home, old, died, death, wife, lives, man","Please rate how related the following terms are to each other and how familiar you are with the terms:
 glass, red, blue, wear, light, wearing, hair, white, fashion, clothes","Please rate how related the following terms are to each other and how familiar you are with the terms:
 percent, market, rate, prices, rates, price, economy, growth, dollar, lower","Please rate how related the following terms are to each other and how familiar you are with the terms:
 miles, air, airport, north, traffic, travel, road, trip, flight, mile","Please rate how related the following terms are to each other and how familiar you are with the terms:
 company, business, companies, million, amp, industry, executive, chief, executives, sell","Please rate how related the following terms are to each other and how familiar you are with the terms:
 wine, food, fresh, taste, add, cooking, sugar, heat, minutes, chicken","Please rate how related the following terms are to each other and how familiar you are with the terms:
 like, making, important, based, strong, including, recent, high, remains, short","Please rate how related the following terms are to each other and how familiar you are with the terms:
 think, people, want, going, says, know, good, way, right, time","Please rate how related the following terms are to each other and how familiar you are with the terms:
 said, added, asked, year, saying, months, spokesman, told, week, month","Please rate how related the following terms are to each other and how familiar you are with the terms:
 police, said, officers, killed, crime, people, prison, fire, arrested, officer","Please rate how related the following terms are to each other and how familiar you are with the terms:
 campaign, bush, clinton, vote, state, congress, republican, administration, election, governor","Please rate how related the following terms are to each other and how familiar you are with the terms:
 american, united_states, world, country, international, foreign, americans, countries, china, french","Please rate how related the following terms are to each other and how familiar you are with the terms:
 year, contract, left, signed, manager, second, chicago, free, right, lost","Please rate how related the following terms are to each other and how familiar you are with the terms:
 military, war, iraq, israel, peace, government, israeli, forces, officials, united_nations","Please rate how related the following terms are to each other and how familiar you are with the terms:
 came, took, went, told, asked, got, started, thought, felt, wanted","Please rate how related the following terms are to each other and how familiar you are with the terms:
 film, movie, story, films, directed, movies, star, character, characters, drama","Please rate how related the following terms are to each other and how familiar you are with the terms:
 board, members, mayor, groups, agency, meeting, officials, plan, public, city","Please rate how related the following terms are to each other and how familiar you are with the terms:
 net, share, inc, earns, company, reports, loss, lead, sales, qtr","Please rate how related the following terms are to each other and how familiar you are with the terms:
 water, oil, plants, plant, energy, gas, natural, trees, space, clean","Please rate how related the following terms are to each other and how familiar you are with the terms:
 game, team, season, games, play, players, coach, player, teams, league","Please rate how related the following terms are to each other and how familiar you are with the terms:
 new_york, yesterday, director, manhattan, brooklyn, received, new_jersey, named, queens, owner","Please rate how related the following terms are to each other and how familiar you are with the terms:
 time, half, center, open, away, place, high, day, run, head","Please rate how related the following terms are to each other and how familiar you are with the terms:
 today, group, including, called, led, known, began, built, early, planned","Please rate how related the following terms are to each other and how familiar you are with the terms:
 city, government, people, local, state, program, work, public, service, workers","Please rate how related the following terms are to each other and how familiar you are with the terms:
 president, general, chief, secretary, office, news, support, vice, chairman, staff","Please rate how related the following terms are to each other and how familiar you are with the terms:
 year, years, ago, later, old, late, major, record, lost, leading","Please rate how related the following terms are to each other and how familiar you are with the terms:
 political, rights, religious, human, anti, democracy, freedom, civil, struggle, protest","Please rate how related the following terms are to each other and how familiar you are with the terms:
 night, people, day, house, town, white, store, room, morning, hotel","Please rate how related the following terms are to each other and how familiar you are with the terms:
 fact, time, times, later, believe, having, probably, real, true, words","Please rate how related the following terms are to each other and how familiar you are with the terms:
 politburo, athenians, molecules, glee, skiers, caliphate, verbs, marx, thrace, flag","Please rate how related the following terms are to each other and how familiar you are with the terms:
 yoga, king, design, serbs, tellurium, police, beauchamp, mongol, futterman, knin","Please rate how related the following terms are to each other and how familiar you are with the terms:
 aircraft, hubbard, shale, thrace, kannada, verstappen, wyatt, benetton, verbs, king","Please rate how related the following terms are to each other and how familiar you are with the terms:
 foals, byzantine, coins, waffen-ss, nasser, bacteria, court, nouns, agron, ustaše","Please rate how related the following terms are to each other and how familiar you are with the terms:
 phonology, surface, integers, himmler, caliph, vettel, xerxes, ustaše, serbs, vowels","Please rate how related the following terms are to each other and how familiar you are with the terms:
 foals, aircraft, matrices, colt, city, topological, fleming, breeds, milošević, shackleton","Please rate how related the following terms are to each other and how familiar you are with the terms:
 junta, glee, city, said, foals, trains, futterman, electron, abbasid, massa","Please rate how related the following terms are to each other and how familiar you are with the terms:
 flag, reich, radon, inhibitors, church, stallions, hergé, croat, acids, consonants","Please rate how related the following terms are to each other and how familiar you are with the terms:
 cancer, coupe, opec, misidentified, daughter, wedding, public, obituary, aristide, child","Please rate how related the following terms are to each other and how familiar you are with the terms:
 solicitors, entrees, tariffs, article, children, community, town, percent, torque, chrysler","Please rate how related the following terms are to each other and how familiar you are with the terms:
 automakers, lilco, shoreham, parents, percent, mitzvah, like, sealer, sales, neighborhood","Please rate how related the following terms are to each other and how familiar you are with the terms:
 neighborhood, babies, balanchine, cancer, par-3, campaign, grader, taffeta, neediest, chrysler","Please rate how related the following terms are to each other and how familiar you are with the terms:
 hair, mayor, noriega, wines, company, music, china, tariffs, parents, sleep","Please rate how related the following terms are to each other and how familiar you are with the terms:
 black, company, solicitors, government, therapist, cultivars, garlicky, store, grandmaster, kids","Please rate how related the following terms are to each other and how familiar you are with the terms:
 police, editor, ford, cabernet, town, sandinistas, santa, literary, daughter, music","Please rate how related the following terms are to each other and how familiar you are with the terms:
 ford, years, american, kids, live, appetizer, government, payable, appetizers, black",PROLIFIC_PID
"{""ImportId"":""startDate"",""timeZone"":""Z""}","{""ImportId"":""endDate"",""timeZone"":""Z""}","{""ImportId"":""status""}","{""ImportId"":""ipAddress""}","{""ImportId"":""progress""}","{""ImportId"":""duration""}","{""ImportId"":""finished""}","{""ImportId"":""recordedDate"",""timeZone"":""Z""}","{""ImportId"":""_recordId""}","{""ImportId"":""recipientLastName""}","{""ImportId"":""recipientFirstName""}","{""ImportId"":""recipientEmail""}","{""ImportId"":""externalDataReference""}","{""ImportId"":""locationLatitude""}","{""ImportId"":""locationLongitude""}","{""ImportId"":""distributionChannel""}","{""ImportId"":""userLanguage""}","{""ImportId"":""QID3_TEXT""}","{""ImportId"":""QID4""}","{""ImportId"":""QID5""}","{""ImportId"":""QID6""}","{""ImportId"":""QID7""}","{""ImportId"":""QID8""}","{""ImportId"":""QID9""}","{""ImportId"":""QID10""}","{""ImportId"":""QID11""}","{""ImportId"":""QID12""}","{""ImportId"":""QID13""}","{""ImportId"":""QID14""}","{""ImportId"":""QID15""}","{""ImportId"":""QID16""}","{""ImportId"":""QID17""}","{""ImportId"":""QID18""}","{""ImportId"":""QID19""}","{""ImportId"":""QID20""}","{""ImportId"":""QID21""}","{""ImportId"":""QID22""}","{""ImportId"":""QID23""}","{""ImportId"":""QID24""}","{""ImportId"":""QID25""}","{""ImportId"":""QID26""}","{""ImportId"":""QID27""}","{""ImportId"":""QID28""}","{""ImportId"":""QID29""}","{""ImportId"":""QID30""}","{""ImportId"":""QID31""}","{""ImportId"":""QID32""}","{""ImportId"":""QID33""}","{""ImportId"":""QID34""}","{""ImportId"":""QID35""}","{""ImportId"":""QID36""}","{""ImportId"":""QID37""}","{""ImportId"":""QID38""}","{""ImportId"":""QID39""}","{""ImportId"":""QID40""}","{""ImportId"":""QID41""}","{""ImportId"":""QID42""}","{""ImportId"":""QID43""}","{""ImportId"":""QID44""}","{""ImportId"":""QID45""}","{""ImportId"":""QID46""}","{""ImportId"":""QID47""}","{""ImportId"":""QID48""}","{""ImportId"":""QID49""}","{""ImportId"":""QID50""}","{""ImportId"":""QID51""}","{""ImportId"":""QID52""}","{""ImportId"":""QID53""}","{""ImportId"":""QID54""}","{""ImportId"":""QID55""}","{""ImportId"":""QID56""}","{""ImportId"":""QID57""}","{""ImportId"":""QID58""}","{""ImportId"":""QID59""}","{""ImportId"":""QID60""}","{""ImportId"":""QID61""}","{""ImportId"":""QID62""}","{""ImportId"":""QID63""}","{""ImportId"":""QID64""}","{""ImportId"":""QID65""}","{""ImportId"":""QID66""}","{""ImportId"":""QID67""}","{""ImportId"":""QID68""}","{""ImportId"":""QID69""}","{""ImportId"":""QID70""}","{""ImportId"":""QID71""}","{""ImportId"":""QID72""}","{""ImportId"":""QID73""}","{""ImportId"":""QID74""}","{""ImportId"":""QID75""}","{""ImportId"":""QID76""}","{""ImportId"":""QID77""}","{""ImportId"":""QID78""}","{""ImportId"":""QID79""}","{""ImportId"":""QID80""}","{""ImportId"":""QID81""}","{""ImportId"":""QID82""}","{""ImportId"":""QID83""}","{""ImportId"":""QID84""}","{""ImportId"":""QID85""}","{""ImportId"":""QID86""}","{""ImportId"":""QID87""}","{""ImportId"":""QID88""}","{""ImportId"":""QID89""}","{""ImportId"":""QID90""}","{""ImportId"":""QID91""}","{""ImportId"":""QID92""}","{""ImportId"":""QID93""}","{""ImportId"":""QID94""}","{""ImportId"":""QID95""}","{""ImportId"":""QID96""}","{""ImportId"":""QID97""}","{""ImportId"":""QID98""}","{""ImportId"":""QID99""}","{""ImportId"":""QID100""}","{""ImportId"":""QID101""}","{""ImportId"":""QID102""}","{""ImportId"":""QID103""}","{""ImportId"":""QID104""}","{""ImportId"":""QID105""}","{""ImportId"":""QID106""}","{""ImportId"":""QID107""}","{""ImportId"":""QID108""}","{""ImportId"":""QID109""}","{""ImportId"":""QID110""}","{""ImportId"":""QID111""}","{""ImportId"":""QID112""}","{""ImportId"":""QID113""}","{""ImportId"":""QID114""}","{""ImportId"":""QID115""}","{""ImportId"":""QID116""}","{""ImportId"":""QID117""}","{""ImportId"":""QID118""}","{""ImportId"":""QID119""}","{""ImportId"":""QID120""}","{""ImportId"":""QID121""}","{""ImportId"":""QID122""}","{""ImportId"":""QID123""}","{""ImportId"":""QID124""}","{""ImportId"":""QID125""}","{""ImportId"":""QID126""}","{""ImportId"":""QID127""}","{""ImportId"":""QID128""}","{""ImportId"":""QID129""}","{""ImportId"":""QID130""}","{""ImportId"":""QID131""}","{""ImportId"":""QID132""}","{""ImportId"":""QID133""}","{""ImportId"":""QID134""}","{""ImportId"":""QID135""}","{""ImportId"":""QID136""}","{""ImportId"":""QID137""}","{""ImportId"":""QID138""}","{""ImportId"":""QID139""}","{""ImportId"":""QID140""}","{""ImportId"":""QID141""}","{""ImportId"":""QID142""}","{""ImportId"":""QID143""}","{""ImportId"":""QID144""}","{""ImportId"":""QID145""}","{""ImportId"":""QID146""}","{""ImportId"":""QID147""}","{""ImportId"":""QID148""}","{""ImportId"":""QID149""}","{""ImportId"":""QID150""}","{""ImportId"":""QID151""}","{""ImportId"":""QID152""}","{""ImportId"":""QID153""}","{""ImportId"":""QID154""}","{""ImportId"":""QID155""}","{""ImportId"":""QID156""}","{""ImportId"":""QID157""}","{""ImportId"":""QID158""}","{""ImportId"":""QID159""}","{""ImportId"":""QID160""}","{""ImportId"":""QID161""}","{""ImportId"":""QID162""}","{""ImportId"":""QID163""}","{""ImportId"":""QID164""}","{""ImportId"":""QID165""}","{""ImportId"":""QID166""}","{""ImportId"":""QID167""}","{""ImportId"":""QID168""}","{""ImportId"":""QID169""}","{""ImportId"":""PROLIFIC_PID""}"
2021-05-22 18:58:08,2021-05-22 19:05:33,0,73.16.160.243,100,445,1,2021-05-22 19:05:33,R_Rf5xIrxYeJGGjoB,,,,,44.0608978271484375,-69.96739959716796875,anonymous,EN,Hoyle,,,"2,4",,,,,,,"2,4",,"3,4",,"3,4",,"3,4",,,"3,4",,,,,,,"3,4",,"2,4",,,,,,,,"3,4","3,4",,"3,4",,,,,,"2,4",,,,,,,,"3,5","3,4",,"1,4",,,,,"3,4",,,"3,4",,,,,,,,,,,"3,4",,"3,4","3,5",,,,,"3,4","3,5",,"3,4",,,"3,5",,,"3,5",,,,,"3,5",,,,"3,4","2,4",,"2,4",,,,"3,4",,,,,,,"3,4",,,,,"2,4",,,,,,,"3,4",,,,,,"2,4",,,"1,4",,,,"2,4",,"2,4",,,,,,,,,,,"1,4",,,,,,,,"1,5",,,"1,4",,,
2021-05-22 22:37:46,2021-05-22 22:47:27,0,76.22.45.201,100,581,1,2021-05-22 22:47:28,R_9XJVSGDIpRqKWvT,,,,,47.83880615234375,-122.1985015869140625,anonymous,EN,5ee5379d91c33b26aceecef7,,"2,4",,,,,,"3,4",,,,"3,4","2,4",,,,,,,"2,4",,,,,,"3,4",,,,,,"3,4",,,"2,4",,,,,,,,,,"2,4",,,"2,4",,,,,"3,4",,"3,4",,,,,,,,"2,4","3,4",,"3,4",,"1,6",,,,,,,,"2,4",,"1,6","2,4","1,6",,"2,4","3,4",,"3,4",,,"2,4",,"3,4",,,,,,,,,,,"2,4",,,"2,4",,,,,,,,,,"2,4",,,,,,,,,,"3,4",,,,,"1,4",,"2,4",,,"1,4",,,,"3,4",,,,,,,,,,,"1,4",,,,"1,6","1,6",,,"1,6","1,6","1,4",,,,,,,"1,4",5ee5379d91c33b26aceecef7
2021-05-22 23:17:25,2021-05-22 23:27:59,0,100.6.25.51,100,633,1,2021-05-22 23:28:00,R_31XdjtHJwHUXotO,,,,,40.4049072265625,-79.8188018798828125,anonymous,EN,5de6766e89d6b4000f71bc0d,"3,4",,,,,,"3,4",,,"2,4",,,,,"1,4","3,4","3,4",,,,,,,,"3,4",,,,,,"3,4",,"3,4",,,"3,4",,"3,4","3,4","3,4",,"2,4","3,4",,,,,,,,,,,"3,4","3,4",,,,,,,"3,4",,,,"3,4",,,,"3,4","2,4",,,"2,4",,,"3,4",,,,,,,,"1,6",,,,,"3,4",,,,,,"3,4","2,6",,,,,,,,,"1,4",,"3,4",,,,,"2,4",,,,,"2,4","2,4",,,,,,,,,"1,4","1,4",,"3,4",,,,,,,,,,"3,4","2,4",,,,,,,,,,,,,,"1,6",,,,,,"1,4",,"1,4",,,5de6766e89d6b4000f71bc0d
2021-05-22 20:40:21,2021-05-22 23:54:38,0,128.8.120.3,100,11657,1,2021-05-22 23:54:39,R_331rlFeoVgJTb3a,,,,,38.9965057373046875,-76.93399810791015625,anonymous,EN,Pranav,,,"2,4",,,,,,,"3,4",,,,"3,4",,,,,,,,,,,"3,4","3,4","3,4",,"3,4",,,"3,4",,,,"3,4","3,4",,,,,,,,,,"3,4",,"3,4",,,,,,,,,,,,,,,"3,4","3,4",,,"3,5",,,"3,4",,,,,,,,,,,,"3,4",,"3,4","3,4",,"3,4",,,,,"3,4",,,,"3,5","3,5",,,,,,,,,,,,,"3,4",,,,"3,4",,"3,4",,,,"3,4",,,,"3,4",,"3,4",,,,,,,,,"2,4","3,4","3,4",,,,,,,,"3,4","2,4",,,"1,4","2,6",,"2,6",,,,,,,,"2,5",,,,"1,4","2,4",
2021-05-22 23:53:27,2021-05-23 00:20:44,0,99.35.32.177,100,1637,1,2021-05-23 00:20:44,R_2rTViVHVdcITMPf,,,,,30.0034942626953125,-90.060699462890625,anonymous,EN,60a717d4240ef9af015a6258,"3,4",,,,,"3,4",,,,,,,,"3,4",,,,"3,4",,,,,"3,4",,"3,4",,,,,,"3,4",,,"3,4",,,,,,,,,,,,"3,4",,,,,,"3,4",,,,,,,,,,,,,"3,4",,,,,,,"3,4",,,,,,,,,,,,"2,6","2,4",,,,,"3,4",,"1,6",,"3,4","3,4","3,4",,,,"3,5",,"2,4","1,4",,"1,4",,,,"1,4","3,4","3,4",,,,"3,4",,,,"2,4",,,,,,"3,4","3,4",,,,,,,,,,"2,4",,,,"2,4",,,"1,4",,"3,4",,,"3,4",,,,"1,4","1,6","1,5",,,,,,"1,4",,,,"1,4",,,60a717d4240ef9af015a6258
2021-05-23 00:27:46,2021-05-23 00:32:54,0,67.149.61.219,100,308,1,2021-05-23 00:32:55,R_1Qg4Ky0vrDs20PM,,,,,42.4933013916015625,-83.13500213623046875,anonymous,EN,5d7004af12d076001880faf6,,,,"3,4",,"3,4",,,,,,,,,,"3,4",,"2,4",,,,"2,4",,,,,,,,,,"3,4",,,,,,,,,"2,4",,,,,,,,,,,"3,4","3,4","3,4",,,,,,,,,"2,4",,,,"3,4",,,"3,4","3,4",,"2,4",,"3,4",,,,,"3,4","3,4",,,"2,5",,,,,,,,,,,"2,4",,,"3,4",,"3,4",,"2,4",,,,,,,"2,4",,,,,,,,,,"2,4",,"2,4",,,,"3,4",,,,,"1,4",,"3,4",,,,,"3,4","3,4","3,4",,,"2,4","2,4",,"3,4","3,4",,"3,4",,,,,"1,6",,"2,6",,,,,,,,,"1,4",,,5d7004af12d076001880faf6
2021-05-23 00:31:36,2021-05-23 00:35:40,0,73.111.8.152,100,243,1,2021-05-23 00:35:40,R_33lptUoBtAwMtA1,,,,,42.1096954345703125,-87.93990325927734375,anonymous,EN,5de1dd621abb502309b57256,"3,4",,,"3,4",,,,,,,,,,,,"3,4",,,,,,,,,,,,,,,"3,4",,,"3,4","3,4",,,,,,,,,,,,,,,"3,4",,,,,,,,,,"2,5","3,4",,,"3,4","3,4",,,"2,5",,,,,,"3,4",,,"2,4",,,,,"3,4","3,4",,,,,"2,4",,,,,,"2,5",,,,,,,,,,"2,4","2,4","2,4",,"3,4","2,4",,,,,,,,"3,4",,,"3,4","3,4",,,,"3,4",,"3,4",,,,"3,4",,,,,"3,4","3,4","3,4",,,,,,,,"3,4",,,,"3,4",,,"1,5",,"1,6",,"1,6",,"1,4",,"1,4","1,4",,,,,5de1dd621abb502309b57256
2021-05-23 00:34:49,2021-05-23 00:42:17,0,99.123.34.221,100,447,1,2021-05-23 00:42:18,R_1jOKIUpDFYUVMte,,,,,34.6602020263671875,-82.24359893798828125,anonymous,EN,5800849e7a62880001c19eb4,,,,"3,4",,,,,,,,"3,4",,"3,4",,"3,4",,,,,,,,"3,4","3,4","3,4",,,"3,4",,,,,,"2,4",,"3,4","3,4","3,4",,,"3,4",,"3,4",,,"3,4",,"3,4",,,"3,4","3,4",,,,,,,,,,,,,,,,,,,,,,,,"3,4",,"2,6",,,,,,,,,"3,4","2,4",,,,,,"3,4",,"1,6",,,"3,4",,,,,"3,4",,,"3,4",,,,,,,,,,"2,4",,,,,,,,,,,,,,"3,4",,"3,4",,,,,,"3,4",,"2,4",,,"3,4",,"3,4",,,"2,4",,,,"1,6",,"1,4",,,"2,4",,,,,"1,4","1,4",,5800849e7a62880001c19eb4
2021-05-23 00:36:48,2021-05-23 00:43:07,0,68.228.179.10,100,378,1,2021-05-23 00:43:07,R_3I2yTTIkoqbJeWB,,,,,41.313995361328125,-81.67559814453125,anonymous,EN,5f503dfc47022a1bc112557a,,,,"3,4","3,4",,,,"3,4",,"2,4",,"3,4",,"2,4",,"3,4","3,4",,,,,,,,,,,"3,4",,,,,,,,,"3,4","3,4",,,,,,,,,,,"3,4",,,"3,4","3,4",,,,,"3,4",,,,,,"3,4",,,,,,,,,,"3,4","3,4",,,,"3,4","3,4","3,4",,"2,4",,,"1,5",,"2,6",,,,,"2,5","2,4","3,4","2,5",,,,,,,,,,,,,,,,,,"3,4",,,,,,,"3,4",,,,,"3,4",,"2,4","2,4",,,,,,,,,,,"3,4",,"2,4","2,4","3,4",,,"3,4",,,,,"1,5",,,"2,5",,,,,,,,,,,5f503dfc47022a1bc112557a
2021-05-23 00:35:45,2021-05-23 00:43:28,0,98.206.108.212,100,463,1,2021-05-23 00:43:28,R_1C3gVCmOtRfhN9A,,,,,41.6078033447265625,-87.75240325927734375,anonymous,EN,5fa18044d344ba28b52ff8f1,"3,4",,"2,4",,,,,"3,4",,,,"3,4","3,4",,,,,,,,,,,"3,4",,,,"3,4",,"3,4",,,,,"3,4",,"3,4","3,4",,"3,4",,"3,4",,"3,4",,,,"2,4","3,4",,,"3,4","3,4","3,4","3,4","2,4",,,,,,,,,,,"3,4",,,"3,4",,,,,,,"3,4",,,,,"3,4",,,,,,,"2,5",,,,,,,,,,,,"3,4",,"1,4","2,4",,,"3,4","3,4",,,,,"2,4","3,4",,,,,,,,,,,,,,,,,,,,,,,"3,4",,,"3,4",,,,,,,"2,4","3,4","2,4",,,,,,,,,"1,4",,"1,4",,,,,,,5fa18044d344ba28b52ff8f1
2021-05-23 00:41:10,2021-05-23 00:46:08,0,70.187.53.61,100,297,1,2021-05-23 00:46:09,R_W7nZGnle0zoKdiN,,,,,30.5305023193359375,-87.2738037109375,anonymous,EN,5db8f7199e4388000db3d457,,"2,4","2,4","3,4",,"3,4","3,4",,"2,4","2,4","3,4",,,,,,,,"3,4",,,,,,,,,,,,,,,,"2,4",,,,"3,4",,,"3,4",,"3,4","2,4",,,"1,4",,,,,"3,4",,,,,,,,"3,4",,,,"3,4",,"3,4",,,,,"3,4","2,4",,,"2,4",,,,"3,4",,,,,,,"3,4",,,,,,,"2,5",,,,,,"3,4",,,,,,,,,,,"3,4",,"2,4","3,4","3,4",,,,,,,,,,,,,,,"2,4",,"3,4",,,"3,4",,,,,"3,4",,,,,"3,4",,,,,,,,"1,6","1,5",,,,,"1,4",,"1,4",,,"1,4",,,5db8f7199e4388000db3d457
2021-05-23 00:28:22,2021-05-23 00:48:35,0,65.78.136.124,100,1212,1,2021-05-23 00:48:35,R_3R8GUKU2LzAmKmX,,,,,38.56390380859375,-121.441802978515625,anonymous,EN,60a4cad752b533483046f517,,,,,,"3,4",,,,,,,,,,,,,,"3,4",,"2,4",,,"3,4",,"3,4",,,,,,,"3,4",,,,"3,4",,"3,6",,"3,4",,,"2,4",,,,,,"2,4","3,4",,"3,4",,,,"3,4",,,"3,6","3,4",,"3,4",,,,"2,5",,"3,4",,,,,,,,,,"2,5",,,"3,4",,,,,,,,,,,,,,,"2,4","3,6",,"3,4","2,4",,,,,,,"1,4","3,4",,,,,,,,,,"3,4","1,4",,,"2,4",,,,"1,4","3,4",,,"3,4",,,,,,,,,,,,"3,4",,"3,4",,"3,4",,,,"3,5",,"1,4",,,,,,,"1,4",,"2,4",,,,60a4cad752b533483046f517
2021-05-23 00:43:12,2021-05-23 00:55:04,0,98.198.5.248,100,712,1,2021-05-23 00:55:05,R_3ndg5dVsE4yccFr,,,,,29.57989501953125,-95.60849761962890625,anonymous,EN,609ba774c82b980b36332702,,,,,,"2,4",,,,,,,"1,4",,,,,"2,4",,,,,,,,,,,,"1,4","3,4","3,4",,,,,,"3,4",,,,,"2,4",,,,"2,4",,,,,,,,,,"2,5","3,4",,,,,,,,"3,4","3,4","1,5","3,4",,,,,,,,,,,,,"2,4",,,,,,"2,4",,"2,4",,,,"2,5",,"1,4",,"3,4",,,"3,4",,,,,,,,,,"2,4","3,4",,"2,4",,,,,"1,4",,"3,4",,"2,4",,,,,,"1,4",,"2,4","2,4","2,4","1,4",,,"3,4",,,,"3,4",,,,"3,4",,,,,,,,"1,5",,,,"2,4",,,,,"1,4","1,4",,,,609ba774c82b980b36332702
2021-05-23 00:50:08,2021-05-23 00:56:30,0,99.9.218.164,100,382,1,2021-05-23 00:56:31,R_2QlbDIVbOdDQcdR,,,,,36.17889404296875,-86.803497314453125,anonymous,EN,5ff669ef0d726a203b4f1f99,,"3,4","1,4",,,"3,4","3,4","3,4",,,"1,4",,,,,"3,4","3,4",,,,,"1,4",,,,,,,,"2,4","3,4","3,4",,,,"3,4",,,,,,,,,,"3,4",,,,,,,,"3,4",,,"2,6",,,,,,,,"3,4","3,4",,,"3,4","3,4",,,,,"3,4",,,"3,4","2,6",,,,,,,,,"3,4",,,,,"3,4",,,,,,"2,5",,,,"1,4",,,"3,4",,,,,,,"1,4","3,4",,,,,,,,,"2,6",,,,,,"2,4",,,,,"2,4","3,4",,"3,4",,,"3,4",,,,,,"3,4","1,4",,,"1,4",,,,,,,,,,,,,,,,"1,4",5ff669ef0d726a203b4f1f99
2021-05-23 00:50:50,2021-05-23 00:57:29,0,71.86.216.39,100,399,1,2021-05-23 00:57:29,R_UsZUUd6fvCTfxa9,,,,,43.1898956298828125,-89.21849822998046875,anonymous,EN,5f3c00216662949ef5596c3c,,"3,4",,"3,4",,,,,,"3,4",,,,"3,4","2,4",,"3,4","3,4",,,,,,,"3,4",,,"3,4","3,4",,,,,,,,,,,,,"2,4","3,4",,"3,4",,"3,4",,,,,,,,,"2,4","2,6",,,,"3,4","3,4",,"3,4",,,,,,,,"3,4",,"3,4",,,"3,4",,,,,,"3,4","1,6",,,,,,,"3,4",,"3,4",,"3,4","2,4",,"3,4",,"3,4",,,,,,"2,4",,,,,,,,,,"3,4",,,,,,"3,4",,,,,"3,4","2,4",,,,,,,,,,,,,,"2,4",,,,,,,,,"1,4",,,,,,,"1,4",,,,,,"1,4",,"1,4",5f3c00216662949ef5596c3c
2021-05-23 00:52:11,2021-05-23 00:57:33,0,68.231.209.172,100,321,1,2021-05-23 00:57:33,R_2TNR7rGpozVYWui,,,,,33.6416015625,-117.6898040771484375,anonymous,EN,5e9b621702bbdc069b2496c4,,"2,4",,,,,"3,4",,,"2,4",,"3,4",,,,,,,,,,,,"3,4",,,,,,,"3,4","3,4",,,,,,"3,4",,,"2,4","3,4","2,4",,,,"3,4",,,"3,4",,,,,,,,,"3,4",,"2,4","3,4",,,,,"3,4",,"2,6",,,,,,,,,"1,6",,,"3,4",,,"1,6",,,"2,6",,"2,6",,,,,"2,5","2,4",,,,,,,,,,,"1,4","3,4",,,,,"3,4",,,,,"3,4",,,,,,,,,,,,,,,,"3,4",,,,"3,4",,,,,,,"2,4","3,4","3,4",,"3,4",,,,"1,6",,,"1,6","1,6",,"1,6",,,,,,,"1,4",,5e9b621702bbdc069b2496c4
2021-05-23 00:58:16,2021-05-23 01:02:16,0,74.130.96.104,100,240,1,2021-05-23 01:02:16,R_b8ipsvQ3S3Ftksh,,,,,36.6089019775390625,-88.3031005859375,anonymous,EN,5f6be7056ec0431594b8b325,,,,,,,"3,4","3,4",,"3,4",,"3,4","3,4","3,4",,,,,,"2,4",,"2,4",,,,,,,,"2,4",,,,,"1,4","3,4",,,,,"2,4","2,4",,,,,,,,,,"3,4",,,,,,"2,5",,"2,5",,"3,4","2,5",,,,,,,,,,,,,,"3,4","1,6",,,,,,,,,,"2,4","1,6",,"3,4","1,6",,,"2,4",,,"3,4",,"3,4",,,,,,,,"3,4",,,,,,,,"3,4",,"1,4",,"3,4","3,4","1,4",,"3,4",,,,,,,,"2,4",,,,,"3,4",,,,,,,,,,,,,,"2,5",,,,,,,"2,6",,"2,4",,,"1,5",,,,5f6be7056ec0431594b8b325
2021-05-23 00:56:21,2021-05-23 01:05:07,0,184.58.246.26,100,525,1,2021-05-23 01:05:07,R_1InQ6mHFya1Kjme,,,,,43.002593994140625,-87.94170379638671875,anonymous,EN,5fc2efeac7a6320c8350a1a0,,"3,4",,"3,4",,,,,"3,4",,"3,4",,,,,"3,4","3,4",,,,"3,4",,"3,4","3,4",,"3,4","3,4",,,,"3,4","3,4","3,4","3,4",,,,,,,,,"3,4",,"3,4",,,,,,,,,,,,,,,,,,,,,,"3,4","1,6",,,"3,4",,,,"3,4",,,"1,4",,,,,,,,,,,,"3,4",,,,,,,,,,,,"2,4",,"3,4",,,,,,,,"3,4","2,4",,,"3,4",,"3,4",,"3,4",,,,,,"3,4",,,"1,4",,,,"3,4",,,"3,4",,,,,,,,,,,"3,4",,,,,,"1,5","1,6",,,,,"2,4","1,4",,,,,"1,4",,5fc2efeac7a6320c8350a1a0
2021-05-23 00:58:24,2021-05-23 01:09:32,0,98.182.225.28,100,668,1,2021-05-23 01:09:33,R_27au6RY7yqg68fD,,,,,36.29730224609375,-115.24179840087890625,anonymous,EN,60a2fae17fe95f27ca52e424,,,,"3,4","3,4",,,,,,,,"3,4",,,,"3,4",,,,,,,,,"3,4","3,4",,,"3,4","3,4",,,"3,4",,,,,,,,,,,,,"3,4",,,,,"3,4",,,,,"1,6",,,,,"3,4",,"3,4",,"3,4","3,4","2,6",,,,,,"3,4",,,,"1,4",,,,,,,"1,6",,,,"2,6",,,"1,6",,,,"3,4","1,6","1,6",,,,"3,4",,"3,4",,,,,,,"3,4",,,,,,"3,4",,,,,,,,"3,4",,,,,,,,,"3,4","3,5",,,"3,4",,"3,4",,,,"3,4",,,"3,4","3,4",,"2,6",,,,,,,"1,4",,,,,,,,,"1,4",60a2fae17fe95f27ca52e424
2021-05-23 01:00:58,2021-05-23 01:10:02,0,76.238.200.19,100,544,1,2021-05-23 01:10:02,R_1r6L3d3IvitCsA0,,,,,42.2196044921875,-83.6045989990234375,anonymous,EN,5fc4c48946722649740111be,"3,4",,,,"2,4",,,,,,,,,,,,"3,4","2,4",,,"3,4",,,,"3,4","3,4",,,,,"2,4","3,4",,,,,"3,4",,"2,4","3,4",,,,,"3,4",,,,,,,,,,,,"2,6","3,4",,,,,"1,4",,,,,,,,"3,4","2,4",,"3,4",,,,,,"2,6",,"2,6","3,4","1,6",,,,,,,,,,,,,,,,,,"2,4",,,,,,,"1,4",,"3,4",,"2,4",,"3,4","2,4","3,4","2,4",,,,,,,"3,4",,,,"1,4",,,,,,,"3,4",,,,,,,"1,4",,"3,4",,,,,,,,,"1,6",,,,,"1,4","2,4",,,,,,"2,4",5fc4c48946722649740111be
2021-05-23 01:03:07,2021-05-23 01:10:29,0,68.47.36.27,100,441,1,2021-05-23 01:10:29,R_2cuaB7tqj3PT6Ve,,,,,45.0782012939453125,-93.18939971923828125,anonymous,EN,5fb46f4dcb7a48181656bf44,"3,4",,"3,4",,,,,,"3,4","2,4",,,,,,,,"3,4",,"3,4",,,,,"3,4",,"3,4","3,4",,,,,,,,,,,,"3,4",,,,,"3,4","3,4",,"2,4",,"3,4",,,"3,4",,,,,,"3,4",,,,,,,,,,,,,,"3,4","3,4",,,"3,4","3,5",,,,,"3,4",,,,,"3,4",,,,,,,"3,4",,,,,,,,"2,4","3,4",,,,,,"3,4",,"3,4",,,,"3,4","3,4",,,,"3,4",,"2,4",,"3,4",,"3,4",,,,,"3,4",,"3,4",,,,,,,"3,4",,"2,4",,,,,"3,4",,,,,"2,6",,,,,,,,,,"1,4",,,,5fb46f4dcb7a48181656bf44
2021-05-23 00:53:55,2021-05-23 01:11:35,0,154.28.191.90,100,1059,1,2021-05-23 01:11:35,R_Wx84u0ss7ZF4MWl,,,,,34.0543975830078125,-118.2440032958984375,anonymous,EN,60a8b181fdae9352b3de9e12,,,,"3,4",,,"3,4","3,4",,"2,4",,,,"3,4","3,4","3,4",,,,,,,,,,,,,"3,4",,"2,4",,,,,,,,"2,4",,,,,,,,,,,,,"2,5","3,4","1,5",,,,"3,4",,,"2,4",,,,,"3,4","3,4","2,4",,,,,,,,"2,4",,,,"2,5",,"1,5",,"1,5","3,4",,,"2,4",,"2,4",,"2,5",,,"3,4",,,"2,5",,,,,,"2,4","2,4",,,"3,4","1,4",,,,"1,4",,,,,"2,4",,,,,,"3,4",,,,,,,,"3,4",,,,,,,"2,4","2,4",,,,,,,,,,,,,,"1,4",,,,,,"2,5",,,,,,,60a8b181fdae9352b3de9e12
2021-05-24 02:43:05,2021-05-24 02:49:16,0,144.92.154.81,100,371,1,2021-05-24 02:49:17,R_BunKEaNM0xWfaWR,,,,,43.0334014892578125,-89.451202392578125,anonymous,EN,5c677c08b1b0080001bfbdc2,"3,4",,"2,4",,,,,,,,,,"3,4",,,,"3,4","3,4",,,,"2,4",,,,"3,4",,,,,"3,4","3,4",,"3,4","2,4",,"3,4","3,4",,,,,"3,4",,,"3,4",,,,,,,,"3,4",,,,,,,,"3,4","2,4",,,,,"2,5",,,,,,,,,,"2,5",,,,,,,"3,4",,,,,,,"1,5","3,4",,,"3,4","2,5",,"2,5","3,4","3,4",,"2,4",,,,"3,4","3,4",,,,,,"3,4",,,,,"2,4",,"3,4",,,,,,,,,,,,,,,,"3,4",,,,,,"2,4",,,,,,,,"1,5","1,6",,,,,,"1,5",,,,,,,"1,6",,5c677c08b1b0080001bfbdc2
2021-05-24 02:48:29,2021-05-24 02:58:03,0,71.80.180.175,100,573,1,2021-05-24 02:58:03,R_DotjFbVVdTRTqDv,,,,,34.0110015869140625,-118.114501953125,anonymous,EN,60a7df6d02edea24a8c0e889,,,"1,4",,"3,4",,,,"3,4","2,4",,,"2,4",,"2,4",,,,"3,4",,,,,,,,,"2,4","3,4","3,4","3,4",,,,"1,4",,,"2,4",,,,,,,,,"3,4","2,4",,,,,,,,,,,,,,,,,,,,,,,"3,4",,"1,4","2,4",,,,"1,5",,"1,6",,,,,"1,6","3,4","3,5",,,,,,"3,4",,,"2,5",,"3,5",,,,,,,"2,4",,,,"2,4",,,,,"2,4",,,,,"1,4",,,,"2,4",,,,,,"2,4",,,,,,"2,4",,,,,"3,4",,,,"1,4",,,,,,"1,4",,,,"1,6",,"2,5",,,,,,,"1,4",,"1,4",,60a7df6d02edea24a8c0e889
2021-05-24 02:43:27,2021-05-24 02:58:51,0,24.12.188.15,100,923,1,2021-05-24 02:58:51,R_8p44h0D69SZ3HeF,,,,,42.05499267578125,-87.695098876953125,anonymous,EN,5eb0acdfbd00da1600441cdf,,,"1,4",,,"3,4",,"3,4","2,4",,"2,4",,,,,"3,4",,"2,4",,,"3,4",,"3,4",,,,,"1,4",,,,,,,,,"2,4",,,"3,4",,,,,,,,,,"3,4",,"3,4","3,4","3,4",,,"1,6",,,,,,,,"3,4",,,,,,,,"2,4",,,,,"1,6",,"3,4",,,,"2,4",,,,"3,4","3,4",,,,,"2,4",,,,,,"3,4","3,4",,,"1,4",,"3,4","3,4",,,,,,,,,,"3,4",,,,"1,4",,,,,,,,"1,4",,"3,4",,,,"3,4",,"3,4","1,4","3,4",,,,,,,,,,,,,,,,,"1,4",,,,,,,"1,4",,,,5eb0acdfbd00da1600441cdf
2021-05-24 02:55:19,2021-05-24 03:00:19,0,98.156.57.169,100,299,1,2021-05-24 03:00:20,R_3iUSR2tbcIfGyTw,,,,,39.210205078125,-94.63719940185546875,anonymous,EN,5a41b0cc6d85f80001c24381,"2,4","2,4",,,,,,"3,4",,,,,"2,4","3,4","1,4",,,,,"2,4",,"1,4",,"3,4",,,,,"3,4",,,"3,4",,"2,4",,,,,,"2,4","2,4",,,,"2,4",,,,"2,4",,,,,"2,6","3,4",,"2,6",,,,,,,"2,4",,,,,"3,4",,,"3,4","1,4",,,"3,4",,,,,,,,"2,6",,"3,4",,"2,4",,,,,,,"2,4","2,6",,,,"3,4",,,,,,,,,,,,,"1,4","3,4",,"1,4",,,,,,,,,"3,4",,,,,"1,4",,,"2,4",,"3,4",,,,,,,,,,,"3,4",,,,,,,,,,"2,6",,,,"1,4",,,,,,,5a41b0cc6d85f80001c24381
2021-05-24 02:56:49,2021-05-24 03:00:55,0,50.90.232.174,100,246,1,2021-05-24 03:00:56,R_3KZRdRs0d3PyDeT,,,,,39.7931976318359375,-86.21320343017578125,anonymous,EN,60897a1d66afbbe1bb33a8e2,,,,,"2,4",,,"3,4",,,,"3,4",,,,,"3,4",,"3,4",,"3,4",,,,,,,"2,4",,,,,"3,4","3,4",,,"3,4","3,4",,,,,,,"3,4",,"3,4",,,,,"3,4",,,"3,4",,,,,,,,,,,,,,,,,"3,4",,"3,4",,,,"1,5","3,5",,,,"3,4",,"3,4","3,4",,,"2,5",,,,,,,,"1,6",,,"3,4",,,"2,4",,,"2,4",,,,,,,"2,4","3,4",,,,,,"3,4","3,4","3,4",,,,,,"2,4","1,4",,"3,4",,,,"3,4",,,,"3,4",,,,,,,"3,4","2,4",,,,,,,,,,,,,,,,,,"1,4",,60897a1d66afbbe1bb33a8e2
2021-05-24 02:59:24,2021-05-24 03:05:18,0,172.58.111.186,100,354,1,2021-05-24 03:05:19,R_123TmJ9s4MJyB7F,,,,,32.731903076171875,-96.90570068359375,anonymous,EN,5ca9e7ddbba2a70018663c8b,,,,,,,,,,,,,"2,4",,"2,4",,"3,4","3,4",,"2,4",,,,,"3,4",,,,,"3,4",,,,,"2,4",,"3,4",,,,,,,"3,4","2,4",,,"2,4",,,,,,"3,4","3,4",,,"2,4",,,,"3,4","1,4",,,,,,,,,,"2,4",,,,,,,,,,,,,,"2,4","2,4",,,"3,4",,"3,4","2,5",,,,,,,,,"2,4",,,"3,4",,,"1,4",,"3,4",,,,,,,,"2,4","3,4",,,,,"3,4","3,4",,,,,,,,,,"3,4",,,"3,4",,,,"1,4",,"3,4",,"3,4","3,4",,,"1,5",,"1,4",,,,,,,,"1,4",,,,,,5ca9e7ddbba2a70018663c8b
2021-05-24 02:59:47,2021-05-24 03:05:57,0,136.49.50.30,100,369,1,2021-05-24 03:05:57,R_VP5A2xnRgRmDi8N,,,,,30.3074951171875,-97.7270965576171875,anonymous,EN,5f41ff3b22717b3c81994807,,,,,,,,,,"2,4",,"3,4",,"3,4",,,"3,4","3,4","3,4",,,,"3,4",,"3,4","3,4",,,,,,,"3,4",,,"3,4",,,,"3,4","2,4",,"3,4",,,"3,4",,,,,,,,"2,6",,,,,,"2,6",,"3,4","2,4",,"2,4",,,,"3,4","2,4",,,,,,,,,,,,,"3,4",,,,,,,,,,,,,,,,"2,6",,,,,,,,,,,,,,,"2,4",,"2,4",,"1,4",,"3,4",,,"2,4",,"3,4",,"3,4","2,4",,,,,,,,"3,4","3,4",,,,,,"2,4",,,,"1,4",,,,"1,6",,,,,"1,6",,,"1,4",,,,,,,"1,4",5f41ff3b22717b3c81994807
2021-05-24 03:02:56,2021-05-24 03:06:29,0,174.70.62.114,100,212,1,2021-05-24 03:06:29,R_1P5h8aVol5FGR4E,,,,,41.264801025390625,-96.00009918212890625,anonymous,EN,5ee9b0eb623285360eda1910,,,,,,,,,,,,,,,"2,5","3,4",,"3,4",,,,,,,,,"3,4",,,,,,"3,4",,"1,4",,"3,4",,"3,4","3,4",,,,,,,"3,4",,,,,,,,"3,4",,"2,6",,,,,,,"3,4",,,"3,4",,,,,,"2,4",,"3,4",,,,,,,,,,,,,"3,4",,,,,,"2,6","2,4",,,"3,5",,,"2,4",,"1,4",,,,"3,4","3,4",,"3,4",,,"1,4",,,,,,"1,4","2,4",,,,"3,4","3,4",,"3,4",,,"1,4",,,,,"3,4",,"3,4",,,,,,,,,,"1,4",,"1,4",,"1,6","1,6",,,"1,6",,,,,,,,,"1,4",,,5ee9b0eb623285360eda1910
2021-05-24 03:01:02,2021-05-24 03:06:33,0,24.28.139.205,100,331,1,2021-05-24 03:06:34,R_1DO7SFardymcXG2,,,,,29.3582000732421875,-98.4290008544921875,anonymous,EN,60a758a602f51c152b753d17,"2,4",,,,,,,,,"2,4",,,,,"3,4",,,,,"2,4",,,,,,"3,4",,,,,,,,,,,"2,4",,"2,4","3,4",,,,,"2,4",,,"1,4",,,"2,4",,,,,"2,4",,"3,4",,"3,4",,,,,,"2,4",,,,"3,4",,"2,4",,,,"3,4",,,"2,4",,,,"3,4",,,,,"2,4","1,6",,"3,4",,"3,4",,,,,"2,4",,,,,,,,"2,4",,,,,,"3,4",,"3,4",,,,,"2,4",,"2,4",,,,,,,,,"3,4",,,,,,,,"2,4",,,,"1,4",,,"2,4",,,,,,,"1,4","1,6",,,"1,4",,,,,,,"1,4",,"1,4","1,4",60a758a602f51c152b753d17
2021-05-24 03:02:04,2021-05-24 03:07:31,0,96.252.10.247,100,326,1,2021-05-24 03:07:31,R_1QcSlbJivqOAeo2,,,,,42.2646942138671875,-71.61750030517578125,anonymous,EN,5db3029ffa4efa000a145bde,"3,4",,,,,,,,,,,,,,,,,,,,"3,4",,,,,"3,4",,"3,4","3,4","2,4",,,"3,4","3,4",,,,,,,,,"3,4",,"3,4","3,4",,,,"3,4",,,,,,"2,4",,,,"3,5","3,4",,,,,,,,,,"3,4",,,,,,,,,,"3,4",,,"3,4",,,,,,,,,"3,4",,"3,4","3,4",,,,,,,,"3,4",,,,"3,4","2,4",,,,,,,,,"1,4","2,4",,"2,4",,"2,4",,,"3,4",,,,"2,4","3,4","3,4","3,4",,"3,4",,,,,"3,4","3,4",,"2,4",,,,,,,"2,4",,,,"1,5",,,,,,,"2,4",,,,,,5db3029ffa4efa000a145bde
2021-05-24 03:03:15,2021-05-24 03:07:33,0,68.13.212.217,100,258,1,2021-05-24 03:07:34,R_a4AReI9NfiNjinv,,,,,36.8881988525390625,-76.300201416015625,anonymous,EN,5de7e24d97378d000b4eefb5,,"3,4","1,4","3,4",,,,,"2,4",,,,"3,4","3,4",,"3,4","3,4",,,,,,,"3,4",,,"3,4",,"3,4",,,,,,,"3,4",,,,,,,,,,,,,"2,4",,,,,,,,"1,6",,,,,,,,"3,4",,,,,,"3,4","3,4",,"3,4","3,4",,,,"1,6","1,6",,"3,4",,"1,6",,,,,,,,,"3,4","1,6",,"2,4",,,,"3,4",,,,,,,,,,,,"3,4",,,,"1,4",,,,"3,4","2,4",,,,,,,"1,4",,,,,,,,,,,,,"3,4",,"1,4",,,"3,4",,,,,,,,"1,6","1,5",,,,,"1,4",,,"1,4","1,4",,,5de7e24d97378d000b4eefb5
2021-05-24 03:03:56,2021-05-24 03:07:34,0,24.4.191.243,100,218,1,2021-05-24 03:07:35,R_1flbYZDvE3omUgb,,,,,37.7220001220703125,-122.16429901123046875,anonymous,EN,5d32deeb9ce6590001010618,,,,,"2,4",,,,,"2,4","2,4","3,4",,"3,4",,,,,,"3,4",,"1,4","3,4",,,,,,,,,,"3,4",,"1,4",,,,,,,,,,"3,4",,,,,,,,"2,5",,,"1,5",,,,,,,,,,,,,,,"3,4",,,"3,4","3,4",,,,,"1,5","3,4",,"3,4",,"3,4","3,4",,,,,"3,4","1,6",,"2,5",,,,"3,4",,,,,"1,4",,,,,,,,,,"2,4","3,4","3,4",,,,,"3,4",,"2,4",,,,,,,,,"3,4",,,,"3,4","2,4","3,4",,,,,,,,,,,,,,"1,6",,,,,,,,"1,4",,,,"1,4","1,4",,"1,4",5d32deeb9ce6590001010618
2021-05-24 03:03:07,2021-05-24 03:08:37,0,76.170.199.201,100,330,1,2021-05-24 03:08:38,R_3PtL031sH63iagQ,,,,,33.8159942626953125,-117.96920013427734375,anonymous,EN,60a958e8da2ceff9d125ea84,,,"2,4","3,4",,"3,4","3,4",,,,,,,,,"3,4",,,,,,"2,4","3,4","3,4",,,,,,,"3,4",,,,,,"3,4",,,"3,4",,,,,"3,4",,"3,4","3,4",,,,,,,,,,,,"3,4",,,"2,5",,"3,4","3,4",,,,"3,4","2,4",,,,"3,4",,,,,,"2,4",,,,,,,,"2,4",,,,,,,,"2,5","3,4",,"2,4","2,4",,"1,4",,,,,,"2,4",,,,,,,,"3,4",,,"3,4",,,"2,4",,,,,,,,,,,,,,"3,4","3,4",,,"3,4",,"2,4",,,"3,4",,,"2,4",,,,,"1,4",,,,,,,,,,,,"1,4",60a958e8da2ceff9d125ea84
2021-05-24 03:04:53,2021-05-24 03:09:00,0,73.211.17.112,100,246,1,2021-05-24 03:09:00,R_qQ1yiyb6VeyfpbX,,,,,42.2577972412109375,-89.02610015869140625,anonymous,EN,5f486e77a023e1339593cd08,"3,4",,"2,4",,,,,,"3,4",,,,"3,4",,,,,,,,,,"3,4","3,4",,"3,4",,,"3,4",,,,,,,,,,,,,,"3,4",,,,,,,,,,"3,4",,,,,,,,,,,"3,4",,,"3,4",,"3,4",,,,"3,4",,,,"3,4",,,,,,,,,"3,4",,,"2,6",,,"2,6",,,"3,4","3,4",,,,,,,"2,4",,,"2,4",,,"2,4",,,,,"3,4","3,4",,"3,4",,,"3,4","3,4","3,4","3,4",,,"3,4","3,4",,,,,,,,,,,,"3,4","2,4",,,,,,,,,,,,,,"2,6",,"2,5",,"2,6",,,,"2,5",,,"2,4","2,4",5f486e77a023e1339593cd08
2021-05-24 03:01:08,2021-05-24 03:09:02,0,173.48.170.157,100,474,1,2021-05-24 03:09:03,R_qQQTE6X09z3nsvD,,,,,42.5511016845703125,-71.2559967041015625,anonymous,EN,609c6aeffc41d54fd91af2e8,,,"1,4",,,,,,,,,"3,4","2,4","2,4",,,,,"3,4",,"3,4",,"3,4",,"2,4",,,,"3,4",,,,,"2,4",,"2,4",,,,"2,4",,,,,,,"3,4","1,4",,,,"3,4",,,,,"3,4",,,"3,4",,,"1,4",,"2,4","3,4",,"3,4",,"2,4",,,,,,,"2,4",,"2,4",,,"2,4",,,"2,4",,,,,"3,4",,,,,,,,,,"3,4",,,,,"2,4",,,,,,,,,,,"1,4",,,,,"2,4",,,,,"3,4","2,4",,,,,,,"1,4",,,,,,,,,,,,,,"3,4",,,,"1,6",,,"2,6",,,,"1,4","1,4",,,,"1,4",,,609c6aeffc41d54fd91af2e8
2021-05-24 02:57:16,2021-05-24 03:09:29,0,24.145.43.57,100,732,1,2021-05-24 03:09:29,R_21jLA5q9LXoMLtG,,,,,33.5077056884765625,-81.6876983642578125,anonymous,EN,6061fff2c21e787791b1d052,,,,,,,,"3,4","3,4",,,"3,4","3,4","3,4",,,,,,"3,4",,"2,4",,,,"3,4",,,,,,,"3,4",,,,"3,4",,,,,,,,,,,,,,,,"3,5",,,"2,6",,,,"3,5",,"3,4",,,"3,4","3,4",,,,,,,,,,"3,4",,,,,,,,,,"3,4",,,"3,4",,,,,,,,,,,,,,,,"3,4","2,4",,,,"3,4",,,"2,4",,"3,4","2,4","3,4",,,"3,4",,,,,"3,4",,"3,4","1,4",,"1,4",,"3,4",,,,"2,4",,"3,4",,"3,4",,,,,"3,4",,"2,4",,,,,,,,,,,"1,6",,,,"1,5","1,4",,,,6061fff2c21e787791b1d052
2021-05-24 03:05:37,2021-05-24 03:10:02,0,157.131.115.61,100,264,1,2021-05-24 03:10:02,R_2tKV1SH9AOg2ilR,,,,,37.756195068359375,-122.486602783203125,anonymous,EN,5bfcb5e3aa5fa30001364404,,,,,,,"3,4",,"2,4","3,4",,,,"3,4",,,,,,,,,,,,"3,4",,"1,4",,,,,,"3,4",,"3,4",,"3,4",,,,,,,"3,4",,"3,4",,"2,4",,"2,4",,"3,4","3,4",,,"2,6",,"3,4","3,4",,,,,,"3,4",,,,,,,"2,4",,,,,,,,,,,,,,,"3,4","2,6",,,,,"2,5","2,4",,,"3,4",,,,,,,,,,"3,4",,,"3,4",,,,,"2,4",,,"2,4",,,"2,4",,,,,"3,4",,"1,4",,,"3,4",,,"3,4",,,,"2,4",,"3,4",,,,"3,4",,,"3,4",,"1,4",,,,,,,,,,,,,,,"2,5",,5bfcb5e3aa5fa30001364404
2021-05-24 03:04:57,2021-05-24 03:13:21,0,75.128.183.214,100,503,1,2021-05-24 03:13:21,R_2ci3T9Urs6iubPA,,,,,43.605499267578125,-84.77960205078125,anonymous,EN,5fa0ef2435d00916c491c6d5,,,"2,4",,,"2,4",,,,,,,,,"3,4","3,4","3,4",,,,,,,,,"3,4",,,,,,,,,,,,,,,,,,,"2,4",,"3,4",,"3,4",,,,,,,,,"3,4",,"2,6",,,,"3,4",,"3,4",,"1,6","2,4","3,4",,,"2,4",,,"3,4",,,,,,,"3,4","2,6",,"2,4",,,,"3,4",,,,,"2,4",,,"3,4",,,,,,,,,,,,,"3,4","3,4",,,,,,,,"2,4","2,4","2,4",,,"2,4","2,4",,"1,4",,,,,,,"3,4",,,,,"2,4",,,,,,"2,4",,,,"1,4","2,6",,,"1,6",,,,,,,,"1,4","1,4",,,,5fa0ef2435d00916c491c6d5
2021-05-24 03:10:20,2021-05-24 03:13:44,0,73.93.118.110,100,203,1,2021-05-24 03:13:44,R_3rPALaOxHR0hhwz,,,,,37.6864013671875,-121.7653961181640625,anonymous,EN,5f025a4eb69f9e3ece18457c,,,,,,,,,"3,4",,"2,4",,,"3,4",,,,,,,,,"3,4",,,,,,,,,,,,,,,,,,,,,,,,,,,,,"3,4",,,,,"2,5","3,4",,"3,4",,,,,,"2,4",,"2,4","3,4",,"3,4",,,,,,,,"2,6",,,"2,4",,"2,6","3,4",,,,,,"3,4","3,5",,,,,,"3,4",,"3,4",,,,,,,,,,,,"3,4",,,"3,4","3,4",,"1,4","1,4",,,,,,,"3,4","3,4",,"1,4",,,,,,,"1,4","2,4",,,,"3,4",,"1,4","1,4",,,"2,4",,,,,"1,4",,"1,4","1,4",,,"1,4",,,,,"1,4","1,4",,,5f025a4eb69f9e3ece18457c
2021-05-24 03:08:46,2021-05-24 03:15:52,0,97.91.60.26,100,426,1,2021-05-24 03:15:52,R_21A3hcfYmQekPUD,,,,,42.9698028564453125,-85.92120361328125,anonymous,EN,60a2cf8ba63eb689bb321dca,"3,5",,"3,4",,,,,,,"2,5",,,,,,,,,,,,"2,5",,"3,4",,"2,5",,,,,,,,,,,"3,4","3,4",,,,"3,4",,"3,4",,,,"2,5",,,,"2,5",,,"2,5",,,,,"3,4","2,4",,"2,5","1,6",,,,,,,"2,5",,,,"3,4","2,5","1,6",,,,,,,,,,"2,4",,,,,"1,6",,,,,,,,,,"3,4","2,5","2,5",,"1,6",,,,,"3,4",,,"3,4",,,,,,,,"3,4",,,,,,"3,4",,,,"2,5",,,,,,,,,"3,4",,"2,4",,,"3,4",,,,,,,,,,,"2,5","2,5",,"2,5",,,"2,5","2,5",,,60a2cf8ba63eb689bb321dca
2021-05-24 02:52:53,2021-05-24 03:18:24,0,98.118.104.9,100,1531,1,2021-05-24 03:18:25,R_2uCcJFGheWSQkPK,,,,,42.4178009033203125,-71.1134033203125,anonymous,EN,60a7b54f182e4ecb0b53874a,"3,4","3,4","1,4",,"3,4",,,,,"2,4",,"3,4","3,4","3,4","3,4","3,4",,,,,,,"3,4",,,,"3,4",,,,,,,,,,,,,,,,,,"3,4",,,,,,,"3,4","3,4",,,,"1,6",,,,"3,4",,,,,,,,"3,4",,,,"1,4",,,,,,,,,,"3,4",,,,"1,5",,,,,,,"1,5",,,,,,,,,,,,,"3,4","3,4","2,4",,,"3,4",,,,"3,4",,,,,,,"2,4",,"2,4",,,"1,4",,,,,,,,,,,,"2,4",,,"1,4",,,,,"2,4",,,,"1,5",,,"1,5",,"1,5",,"1,4",,"1,4","1,4",,,"1,4",,60a7b54f182e4ecb0b53874a
2021-05-24 03:10:13,2021-05-24 03:19:45,0,24.144.51.165,100,572,1,2021-05-24 03:19:46,R_2rT2MxyXGnc4b5d,,,,,35.081207275390625,-92.472198486328125,anonymous,EN,606a2cee4013a97ff297d909,"3,4",,,,,,,"3,4","3,4",,,"3,4",,,,,,,,,,,,,"3,4","3,4",,,"3,4",,,,"3,4",,,,,"3,4","3,4",,,,,,,,,,,,,,,,,,"2,5",,,,"3,4",,,,"3,4","3,4",,,,,"3,4",,,,,"3,4",,,,,,"3,4",,,,,,,,,,"3,4","3,4","2,5",,"3,4",,"3,4",,"3,4",,,"2,4","3,4",,"2,4",,,,,,,,"3,4",,,,,,,,"3,4",,"3,4",,"3,4",,"1,4",,,,,,"1,4",,,,"3,4",,"3,4",,,"1,4",,"3,4",,"2,4","3,4",,,,,"1,5",,,,,,,,,,,,"1,4",,606a2cee4013a97ff297d909
2021-05-24 03:09:20,2021-05-24 03:20:25,0,69.130.133.233,100,664,1,2021-05-24 03:20:25,R_3Gfw2x7AvSha6wQ,,,,,35.597198486328125,-87.85320281982421875,anonymous,EN,60a1b8df69c606f894a49a33,"2,4",,,,,"3,4",,,,,,,,,"2,4",,,,,,,,,,,,"3,4",,"3,4",,,"3,4",,"2,4",,,,,"3,4",,,,,,,"3,4",,"1,4",,,"2,4",,,,,,"2,6",,"3,4","2,6","3,4",,"2,6",,,"2,4","3,4",,,,"3,5",,,,,,"2,4","2,6",,,,,"3,4","1,6",,,,,,,,,,,,"2,6",,"2,6",,"3,4",,,"2,4",,"2,4",,,,"2,4",,"3,4",,"2,4",,"2,4","2,4",,,,,,,,,,,,,,"2,4",,,"3,4",,,,,,,,"3,4",,,,,,"2,4",,,,,,,,,,,,,,,"1,4",,,"1,4","1,4",60a1b8df69c606f894a49a33
2021-05-24 02:56:47,2021-05-24 03:21:45,0,71.238.99.101,100,1497,1,2021-05-24 03:21:45,R_U9M7TVtDEYcAFxL,,,,,45.480499267578125,-122.63629913330078125,anonymous,EN,5fc4091cd6d5467c57bf5e65,"2,5","3,5",,,"3,4",,"3,4",,"3,4",,,,,,,,,,,"2,4",,,,"3,5",,"3,4","3,4",,"3,4","3,4",,,"2,5",,"2,4",,"3,4",,,,,"2,4",,,"3,4",,,,,,,,,,,,"3,6",,"2,5",,,,,,"3,4",,"2,4",,,"3,4",,,"2,4",,,,"2,5",,,,"2,6","2,6","3,6",,,,,,,,"3,4","2,6",,,"2,4","2,6",,,"2,6",,,,,,,,,,,,,"3,4",,,,,,,,,,,,,"2,4",,,"1,4",,,,,,,,,,,,,,,,,,,"1,4",,"1,4",,"2,6",,,,"1,6",,,"2,6",,"2,6",,,,,,,5fc4091cd6d5467c57bf5e65
2021-05-24 03:18:11,2021-05-24 03:22:43,0,76.17.204.103,100,272,1,2021-05-24 03:22:43,R_3po2rkVViOFMTyd,,,,,45.0196075439453125,-93.24019622802734375,anonymous,EN,5e51a47589d7ad1d0611e450,,"2,4",,,,,,,"2,4",,,"3,4","2,4",,,,,,,,"2,4","1,4",,"3,4",,,,"1,4","3,4",,,,,,,,,,,,,,,,,,,,"2,4",,"2,4","3,4",,,"3,4",,"2,6",,,,,,,,"3,4",,"3,4",,,,,,,,,,,,,"2,5",,,"3,4",,,"2,4",,"2,4",,"3,4",,,,,,"3,4","2,6",,"2,6",,"3,4",,"1,4",,,"2,4",,,,"3,4",,,"1,4",,,,,"1,4","2,4",,,,,"3,4",,"3,4",,,,,,,,,,,,,"3,4",,"3,4",,,,,,"2,4",,"1,4",,"1,4","1,5",,,,,,,,,,,"1,4",,,,5e51a47589d7ad1d0611e450
2021-05-24 03:16:08,2021-05-24 03:22:45,0,23.240.59.14,100,397,1,2021-05-24 03:22:46,R_2CDS1YjehUzjvtf,,,,,33.8058929443359375,-117.3466033935546875,anonymous,EN,604c642413cb462c03748513,,"2,4",,,,,,,"3,4",,,,"2,4",,,,"3,4","3,4",,"3,4",,,"3,4",,,,,,,"2,4",,,,,,"3,4","3,4",,,,,,"3,4",,,,"2,4",,,,,,,,,,,,"2,4",,,,"3,4","3,4",,,,,,,"3,4","3,4","3,4",,"3,4","3,4","3,4",,,,,,,,,"3,4",,"3,4",,"3,4",,,,,"2,5","3,4",,,"1,6",,,,"3,4",,,,,,,,,,,,"3,4","2,4",,,,,"2,4","3,4",,,,,,,,,,,,,,,"3,4","2,5",,,,"3,4","3,4",,,,,,"3,4",,,"1,5",,,,,,,,,"1,4",,,,,"3,4",604c642413cb462c03748513
2021-05-24 03:14:53,2021-05-24 03:24:24,0,100.37.22.202,100,571,1,2021-05-24 03:24:25,R_2Ug8JK4wx7dEG22,,,,,40.550201416015625,-74.14749908447265625,anonymous,EN,609e46e5cb0af2f5cbe1571c,,,,,,,"3,4",,,"2,4",,"3,4","3,4",,"2,4",,,,,,,,,,,,"3,4",,,,,,,,,,"3,4",,"1,4",,"2,4",,,,"3,4",,,,,,,,,,,,,,"3,4","2,6",,,,"3,4",,,,"2,6","3,4",,,,"3,4",,,,,,,,,,,"2,6",,"3,4",,,"1,6",,"3,4",,,"2,5",,,,"2,4",,"1,6",,,,,,"3,4",,,,"3,4",,,,,"3,4","3,4","3,4",,,,,"3,4",,,,"2,4","3,4","2,4",,,,,,,,"2,4",,,,,"3,4",,,"1,4","3,4",,,,"2,4",,,,"2,6",,,,,,,,"1,4",,,,"1,4",,609e46e5cb0af2f5cbe1571c
2021-05-24 03:16:29,2021-05-24 03:24:41,0,108.16.96.140,100,492,1,2021-05-24 03:24:41,R_2xwKOi2DN01BqLE,,,,,39.91949462890625,-75.15650177001953125,anonymous,EN,5f4707864e9da80f60935fab,,,,,"3,4",,,"3,4",,,,,,"3,4",,,,,,"3,4",,,"3,4","3,4",,,"3,4","3,4",,,,,,,"1,4",,,,,,,,,,"3,4","3,4",,,"3,4",,,,"3,5",,"3,4",,,"3,4",,"3,5","2,4","3,4","2,4","2,4",,,,,,,,,,,,,,,"3,6",,,,"3,4",,"3,5",,,,,,"3,4",,,,,"3,6",,,,"3,4",,,,"2,4","2,6",,"3,4",,,,,,,,,,,,,,,,"2,4",,,,,,,,,,,,,,,,,,"3,4",,,,,"3,4","2,4",,,"2,4",,"1,6","1,6","1,6","1,6",,,"1,6",,,,"1,6",,,,,5f4707864e9da80f60935fab
2021-05-24 03:16:12,2021-05-24 03:25:05,0,24.24.252.53,100,533,1,2021-05-24 03:25:05,R_1pQi3mDbUJ43fBT,,,,,34.143798828125,-117.25479888916015625,anonymous,EN,545d6768fdf99b7f9fca24e3,,"2,4","3,4",,"3,4","3,4",,,,"2,4",,,,,,,,"3,4",,,,"2,4","3,4","2,4",,,,"2,4","3,4",,"3,4",,,,,"3,4",,,"2,4",,,,"3,4",,"2,4","3,4",,,,,,"3,4",,,"3,4",,,"3,4","2,4",,"3,4",,,,,"3,4",,,,,"3,4",,,,,"3,4",,,"1,6",,,,,,,,,,,,,,,,,,,"2,4","2,4",,,,"2,4",,,"3,4",,"3,4",,"3,4",,,,,,,,,"2,4",,"2,4",,,,,,,,,,,,"2,4",,,"3,4",,,,,,"2,4",,,,,,,,"2,4","2,4",,,,"2,6",,,,,,,,,,,,545d6768fdf99b7f9fca24e3
2021-05-24 03:19:47,2021-05-24 03:25:57,0,72.73.238.34,100,369,1,2021-05-24 03:25:58,R_3R1SVqxbuaZcQTL,,,,,39.9152069091796875,-75.0738983154296875,anonymous,EN,5f055b6ca28292863f750383,,,,,,"2,4",,,,,,,"2,4",,"2,4",,,,,,"3,4",,,,,,"3,4",,,,,,,"2,4",,"3,4",,"3,4",,,,,,,,,,,,,,,,"3,4",,"2,4",,,,,"3,4","3,4",,,,"3,4","3,4","2,6",,"3,4","3,4",,,,"3,4",,"2,4",,,"2,6",,,,,,"3,4","2,6","2,4",,,"3,4",,,,,,"3,6",,"2,6",,,,"2,4",,,,,"3,4","1,4","3,4",,,,,,,,,"2,4",,,"2,4",,,,"2,4",,,"1,4",,"2,4",,,,,,,,,,"3,4",,,,,,"2,4",,,"2,4",,,,,,,,,,"1,4",,,,,,"1,4",5f055b6ca28292863f750383
2021-05-24 03:12:27,2021-05-24 03:26:20,0,107.77.245.10,100,832,1,2021-05-24 03:26:21,R_2TyK3U2Cq5VF3ez,,,,,32.779693603515625,-96.8022003173828125,anonymous,EN,5c19d2c39bce3100018a6047,,,,,,,,,"3,4",,,,,,"3,4",,,,,,,,,,,"3,4",,,,,,,,,,,,,,"3,4",,"3,4",,"3,4","2,4",,"3,4",,,"3,4",,,,,"3,4",,,,,,"3,4","3,4",,,,"3,4",,,,,,,,,,,,,"2,4",,"3,4","3,4",,,,,"3,4","1,4","3,4",,"3,4","1,4",,,,,,,,"3,4",,,,,,,,,"1,4","3,4",,,,"2,4","3,4",,,,,"3,4",,"3,4","1,4",,"3,4","2,4",,,"1,4",,"2,4",,,"3,4","3,4",,,,,,,,"1,4","1,4",,,,,,,,,,"1,4",,"1,4",,,,"1,4",,,,,,,5c19d2c39bce3100018a6047
2021-05-24 03:22:53,2021-05-24 03:26:57,0,71.10.169.228,100,243,1,2021-05-24 03:26:57,R_XogUVvxftZ6jmdb,,,,,38.6432952880859375,-90.25749969482421875,anonymous,EN,5c7ec09ff123b3001022c20a,,,,,,,,,"3,4",,"3,4",,,,"3,4",,,"3,4",,,,,,"3,4","3,4",,,,"3,4",,,,,,,"3,4","3,4",,"3,4","3,4",,"3,4","3,4",,,,,"3,4","3,4",,,,,,,,,"3,4","3,4",,,,,,"3,4","3,4",,"3,4",,,"3,4","3,4",,,"3,4",,,,,,,"3,4",,,,,"3,4",,,,,,,,"2,4","3,4",,,,,,,,,,"3,4",,"3,4",,,,"3,4",,"3,4",,,,"3,4",,,,,,,,,,,,,,,,,,,,"3,4",,,,,,,,"3,4",,,,"2,4","2,4",,,,,,"2,4",,,"2,4",,,"2,5",,"1,4",,5c7ec09ff123b3001022c20a
2021-05-24 03:05:42,2021-05-24 03:27:13,0,50.82.20.84,100,1290,1,2021-05-24 03:27:14,R_3RgZD9E85DRGpd3,,,,,41.0301055908203125,-92.40470123291015625,anonymous,EN,5c78de2e8a34620011341ef5,,,,,"2,4",,,,"2,4",,,,,,,,,"3,4","3,4","2,4",,,,,,"3,4",,,,,,,,"3,4",,"2,4",,,,"3,4",,"3,4","3,4",,,"3,4",,,,,"2,4",,,,,,"2,6","2,4",,,"3,4",,,,,,,,,,,,,"3,5","3,4",,,,,,,,,,"3,5","2,4",,,"1,5",,,,,"2,6",,,,,,,"3,4",,,,,"3,4",,,,,"3,4",,,,"3,4",,,,,,,,,,,,"3,4",,,,,"3,4",,,,,,,"3,4",,,"1,4","1,4","1,4",,,"2,4","3,4",,"1,4",,,,"1,6",,,,,,"2,4",,,"1,4","1,4","1,4",,5c78de2e8a34620011341ef5
2021-05-24 03:20:44,2021-05-24 03:27:28,0,136.56.136.41,100,403,1,2021-05-24 03:27:28,R_a42FFYfpbCEbxGp,,,,,35.8047027587890625,-78.88809967041015625,anonymous,EN,5ebba321994ee217c9468438,,"3,4",,,,"3,4",,,,,,,,,,,,,,"3,4",,"2,4",,,,,,,"3,4","3,4",,,"3,4","3,4",,,,,,,,"3,4",,"3,4",,,,,,,"3,4",,,"3,4",,"1,5",,,,,,,"3,4","3,4",,"3,4","3,4",,,,,,"2,4",,,,,"1,4",,,,"2,4","3,4",,,"3,4",,,,"3,4","3,4",,,,,"3,4",,,,"3,4",,,,,,,,,,,"3,4","3,4","2,4","3,4","3,4",,,,,,"3,4",,,,,,,,,,"3,4",,,,,,,,,,,,,,,"3,4","2,4","3,4","1,4",,,,,,,,"1,4","1,4",,,,,"1,4",,,,5ebba321994ee217c9468438
2021-05-24 03:20:45,2021-05-24 03:29:01,0,70.115.250.137,100,495,1,2021-05-24 03:29:01,R_blytGWT7IGEBNNT,,,,,32.753692626953125,-96.836700439453125,anonymous,EN,5e3afde82f2188000aa8e7c9,,,,,"3,4",,,,"2,4","1,4",,"3,4","2,4","2,4",,,"3,4",,,,,,,"3,4","3,4",,,,,"1,4",,,,,,,,,,,,,"1,4",,,,"3,4",,"1,4",,,,,,,"1,4","3,5",,,,,"2,4",,,,"1,4",,,,"3,4",,"1,4",,"2,4",,,,,,,,,,,,,,,,"3,4",,"2,5",,"2,5",,,"1,5","3,4",,,,"1,4",,"1,4",,,,"3,4",,,,,,,,"1,4","3,4",,"2,4","2,4",,,"1,4","3,4","3,4","3,4",,,,,,,,,,"2,4",,,,,,,,,,,,,,,"1,5",,"1,5",,,,,,,,,,"1,4",,,,5e3afde82f2188000aa8e7c9
2021-05-24 03:22:54,2021-05-24 03:29:25,0,98.33.61.80,100,390,1,2021-05-24 03:29:25,R_1Ibjxe3c516Pe0E,,,,,37.7200927734375,-122.44139862060546875,anonymous,EN,5ef2d0265e16d1248a615273,"3,4",,"3,4",,,,,,,"3,4",,"3,4",,,,"3,4",,"3,4","3,4",,,,,,,,,"3,4",,,,,,,,,,,,"3,4",,"3,4",,,"3,4",,"3,4",,,,,,,,,"3,4",,,,"2,6",,"3,4",,,"3,4","3,4",,,,,"3,4",,,,"3,4",,"3,4",,,,,"2,5",,,,,"2,5",,,"3,4",,,,,,,,,,,,,,"3,4",,,"3,4","3,4","3,4",,,,,,"3,4","3,4","3,4",,,"3,4",,,,,,"3,4",,,,"2,5","3,4",,,,,,,,,,,,,,,,,"3,4",,,"1,5",,,,,"2,5","2,6",,,,,,,"2,6","1,6",,5ef2d0265e16d1248a615273
2021-05-24 03:15:44,2021-05-24 03:29:34,0,71.220.141.213,100,829,1,2021-05-24 03:29:34,R_3PNXVPYdjpela4G,,,,,30.4907989501953125,-84.31580352783203125,anonymous,EN,60a62be8b05e850a2a608d02,"3,4",,,,,,"3,4",,,,,,,"3,4",,,,"3,4",,,,"2,4",,,,,,,,,,,"3,4","3,4",,,,,,,,,,"3,4",,,"3,4",,,,,,,"2,4",,"2,6",,,"3,4",,,"3,4",,,,,,,"3,4","3,4","3,4",,"2,4",,"3,4",,,,,,,,,,"1,6",,,,,"3,4",,,,,,,,,"1,6",,,,,,"3,4",,,"3,4",,,"3,4",,,"3,4","3,4",,,,,"3,4",,"3,4",,,,,,,,,,,"3,4","3,4","3,4",,,"3,4","3,4",,,,"2,4","2,4",,,"3,4",,"3,4",,,,"1,6",,,,,,,"2,4",,,,"1,4",,,60a62be8b05e850a2a608d02
2021-05-24 03:23:12,2021-05-24 03:30:15,0,71.241.244.106,100,423,1,2021-05-24 03:30:16,R_1kOhoH5IDe9VbS6,,,,,38.9091033935546875,-77.02030181884765625,anonymous,EN,6082051573defd9b13a7fa18,,,,,,,,"3,4",,,,,"3,4","3,4",,"3,4","3,4","2,4",,"2,4","3,4","2,4",,,,,,,,,"3,4",,,,,,,,,,,,,,,,,,,,,"3,4",,,,,"2,6","2,4","3,4","3,4",,,,"2,4",,"3,4","3,4","3,5","2,4",,,"3,4",,,,,,,,,,,,,,,,"3,4",,,,,,,,,,,,"3,4",,,,,,"2,4",,"3,4",,,,,,"3,4","3,4",,,,,,,,"2,4",,,,,"1,4",,,,,"2,4",,"2,4",,,,,"2,4","3,4","2,4","1,4",,"3,4",,,"3,4",,"3,4",,"1,5",,,,,,,,,,"1,4",,,,,6082051573defd9b13a7fa18
2021-05-24 03:21:53,2021-05-24 03:30:58,0,96.250.202.191,100,545,1,2021-05-24 03:30:58,R_9GnnWeyRVNoRkrv,,,,,40.6981048583984375,-73.704498291015625,anonymous,EN,60a259be3ae8461defa46c1b,,,,,,"3,4","3,4",,,,,"3,4","3,4",,,,,,,,,,,,,,,,,,,,,"3,4","3,4",,"3,4","3,4",,,"3,4",,,"3,4","3,4","3,4",,,,,,,,,"3,4",,,"3,4",,,,,"2,4","3,4","3,4",,,,,,,,,,,,,,,,,,,,,"3,4",,"2,4","2,6",,"3,4","3,4",,,,"3,4","3,4",,,,,,"2,4",,,,,,,,,,,,,,"3,4",,,,"3,4",,,,,,,"2,4",,"2,4","3,4",,,,,,,,,"3,4",,,"2,4","2,4","3,4",,"3,4","3,4",,,"2,6",,,,"2,6",,,"1,4",,,"1,6",,,,,,60a259be3ae8461defa46c1b
2021-05-24 02:47:58,2021-05-24 03:41:33,0,76.92.57.65,100,3214,1,2021-05-24 03:41:34,R_1FwXvsEpVJOXoaZ,,,,,39.464202880859375,-87.3531036376953125,anonymous,EN,6064e78b13bf665d31f0cfd0,"3,4",,,,,"3,4",,"3,4",,"3,4",,,"3,4",,"3,4",,,,,,"3,4",,,"3,4",,,"3,4",,,,"3,4",,,,"1,4",,,"3,4",,,,"3,4","3,4",,,,,,"3,4",,,,,"3,5",,,,,"3,4",,,,,,,,,"2,6",,,,,"3,4",,,,,,"2,6","2,6",,,,,,,,,,,,,,,,,,,,,,,,"3,4","2,4",,"3,4","3,4",,,"3,4","3,4",,,,,,"2,4",,"3,4",,,"2,4",,,"3,4",,,,,,,,"1,4",,"3,4",,,,,,"2,4",,"1,4",,,,,"1,4",,,,,,"2,6","2,6","2,6",,,,"2,4",,,,,,6064e78b13bf665d31f0cfd0
2021-05-24 04:16:00,2021-05-24 04:22:08,0,69.244.29.48,100,367,1,2021-05-24 04:22:08,R_5A18rjMPYqyG1KV,,,,,32.4062957763671875,-111.06330108642578125,anonymous,EN,5e3b535464b28537ff65eb56,,,,,,,,,,,,,,,,"3,4",,,,,,,,"3,4",,,,"2,4",,,"3,4","3,4","3,4",,,,,,,,,,,"3,4",,,,,,"3,4","3,4",,"3,4",,,,"2,5",,"3,4",,"3,4",,"3,4",,"3,4",,,,,,,,,,,,,,"3,6","3,4",,"3,5","3,4","2,6",,"3,4",,,,,,,,,"3,4",,"2,6",,,,,"1,4",,"3,4",,"2,4",,,,,,,,,,,,"2,4",,,,,,"3,4","3,4",,,,,,,,,,"3,4",,,,,"3,4",,"2,4",,,"3,4",,"2,4","3,4",,,,,"1,6","1,5","2,6",,,,"2,4",,,,"1,4",,,,5e3b535464b28537ff65eb56
2021-05-24 04:16:15,2021-05-24 04:22:39,0,172.56.16.39,100,383,1,2021-05-24 04:22:39,R_325Xc5CKTJ3IcEB,,,,,33.967498779296875,-118.14640045166015625,anonymous,EN,60a7cd17ea1e086b7332e7f3,,"2,4",,,,,,,,,,"3,4",,,,,,,"3,4",,"3,4","1,4","3,4",,,,"3,4",,"3,4","2,4",,,"3,4",,,,"3,4",,,,"2,4",,"3,4",,"3,4",,,,,,"2,4",,,"3,4","3,4",,"2,5",,,"2,5",,,"2,4",,,"3,4",,"2,5","3,4",,,,,,,,,,,,,,,,,,,,,,,,,"2,4",,,,,,"3,4",,"1,4",,"3,4",,"2,4",,,,,"3,4",,,"3,4",,,,"1,4","1,5",,,,,,,,,"1,4",,,,,,,,,,,,,"3,4",,,"1,4","3,4",,,,,"2,4",,"1,5",,,,,,"1,4",,,,"1,4",,,,,60a7cd17ea1e086b7332e7f3
2021-05-24 17:18:34,2021-05-24 17:22:30,0,98.212.158.167,100,235,1,2021-05-24 17:22:30,R_qOT1dfM0PU2Hdbb,,,,,40.11199951171875,-88.23650360107421875,anonymous,EN,6008c092a47d9e57443f3806,,,"2,4","3,4",,"3,4",,"3,4",,,,,"2,4",,,"3,4",,,,,,,,"3,4",,"3,4",,,,,"3,4",,,,,,,,,,,,"3,4","3,4",,"3,4","3,4",,,,"2,4",,,,,"2,4",,,,,,"2,4",,,"3,4",,,,,,,"3,4",,,,,,,,,"2,4",,,,"2,4",,,,,,"3,4",,,"2,4",,,,,,,"2,4",,,,"2,4",,,"3,4",,"3,4",,"3,4",,,"2,4",,,,"2,4",,,,,,,,,,,,"3,4","3,4",,"1,4",,,,"2,4",,,,,,,"2,4",,"2,4",,"1,4",,,,"2,5",,,,,,,"1,4","1,5",,,,"1,4",,6008c092a47d9e57443f3806
2021-05-24 17:19:13,2021-05-24 17:25:03,0,99.101.36.122,100,350,1,2021-05-24 17:25:04,R_1F3W9Ype5lCYuVI,,,,,30.052398681640625,-95.370697021484375,anonymous,EN,5dc1c27fb3e5c212018d9e33,"2,4",,,,,,,"3,4",,"2,4",,,,,,,,"3,4",,"3,4",,,,"3,4",,,,"2,4","3,4",,,"3,4",,,,,,,"3,4",,,,,,,,,,"3,4",,,,,,"3,4",,,,,,"2,4",,,"3,4","3,4",,,,,,,,,"3,4",,,,"2,4","3,4",,"3,4",,,"2,4",,"3,4",,,,,,,"3,4",,,,"3,4",,,"3,4",,"2,4",,,,"2,4",,,,,,,,,"3,4",,,"2,4",,,"2,4",,"2,4",,,,,,,,,,"3,4",,,,,,,,,,"1,4",,,"3,4",,"3,4",,,,"1,4",,,,,"2,4",,,"2,4",,,"1,4",,"1,4","1,4",5dc1c27fb3e5c212018d9e33
2021-05-24 17:18:29,2021-05-24 17:25:07,0,24.14.32.140,100,398,1,2021-05-24 17:25:08,R_23f0Q3EFvUtmdYz,,,,,42.05499267578125,-87.695098876953125,anonymous,EN,5a91877e777df200015fa0f5,,,,,,,"3,4","3,4","3,4","2,4",,,,,,,,,,,"3,4","1,4",,,,,,,,"2,4",,,"3,4",,,,,,,,,,"3,4","3,4",,,,"2,4","3,4",,,,,"3,4","3,4",,,"2,4",,,"2,4","3,4",,,"3,4","3,4",,,,"3,4",,"3,4",,,,,"3,4",,"3,4",,,"3,4",,"1,4",,,,,,"3,4",,,,,,,,,,,,,,,,,,,"1,4",,"3,4",,,"3,4",,,"2,4",,"2,4",,,,,,,,,,"1,4","1,4","3,4",,"3,4",,,,,,,"2,4",,,,"1,4",,,"1,4",,,,,,,,,"1,4",,,,,,,,,,"1,4",5a91877e777df200015fa0f5
2021-05-24 17:18:29,2021-05-24 17:26:15,0,24.239.209.96,100,465,1,2021-05-24 17:26:15,R_XWWjhEdBrr5IYff,,,,,41.1389007568359375,-81.8628997802734375,anonymous,EN,5e16767739bcdec4babb6e25,,"3,4",,"3,4",,,,,"3,4","2,4",,"3,4",,,,,,"3,4","3,4","3,4",,"2,4","3,4",,"3,4",,,,,,"3,4",,,,,,,,,,"3,4",,"3,4",,,"3,4",,,,,"2,4","3,4","2,4",,,,"2,5",,"3,4",,"3,4",,,,,,,,"3,4",,,"3,4",,,,,"3,4",,,,,,,,,,,,"3,5",,,,,,,,,,,,,,,,,,,,,,"3,4","3,4",,,"3,4","2,4",,,,,"2,4","2,4",,,"3,4",,"3,4",,,,,,,,,,,,,,"3,4",,"1,4","1,4",,"3,4",,,,,,,"1,5",,,,,,,,,,"1,4","1,4",,,5e16767739bcdec4babb6e25
2021-05-24 17:20:01,2021-05-24 17:26:34,0,174.242.226.36,100,392,1,2021-05-24 17:26:34,R_XWWk55zBm47nWq5,,,,,40.649993896484375,-112.006103515625,anonymous,EN,5c7b0806f9b9540001696ce9,"3,4",,"3,4",,,"3,4","3,4",,,"3,4",,,"3,4",,"3,4",,,"3,4",,,,,"3,4",,"3,4",,,"2,4",,,,,"3,5",,"3,4","3,4",,"3,4",,,,"3,4",,"3,4",,,,,,,,,,,,"3,4",,"3,4",,,,,,,,"3,4",,,,"3,4",,,,,,,,"2,6",,,,,,,,,"2,6","3,4",,,,,,,,,,"3,4",,"3,4","3,4",,"1,4",,,,,,,,"3,4","3,4",,,"3,4",,,,,,"3,4",,,,,,,,,,,,,,,,,,,,"3,4",,,"2,5","3,4",,,,,"3,4",,,,"3,6",,"2,6",,,,,,"1,5",,"2,6",,,5c7b0806f9b9540001696ce9
2021-05-24 17:21:35,2021-05-24 17:28:00,0,174.82.231.89,100,385,1,2021-05-24 17:28:01,R_3NyOXTfrbbs8Ocm,,,,,43.034393310546875,-89.500701904296875,anonymous,EN,59b0106d834a170001d6061c,,,,,"3,4",,,"3,4",,,,,"3,4",,,,"3,4",,,,"3,4",,,,,,,"2,4","3,4",,,,,,,,,"3,4",,"3,4",,,,,,,,,,"3,4","2,4",,,,,,"2,5","3,4",,"3,4",,,"3,4",,,,,"3,4",,,,,,,"3,4",,,,,,,"3,4",,,,,"3,4","3,4",,,,,"3,4",,"2,4",,,,"2,6",,"3,4","1,4",,,"2,4","2,4",,,,,"3,4",,,,"3,4",,,,"2,4",,,,,,,,,"1,4","1,4",,,,,"2,4",,,,,"3,4",,,"2,4",,"1,4",,"3,4",,,,,,,,,,,"1,4",,,,,"1,4","1,4",,,,59b0106d834a170001d6061c
2021-05-24 17:21:54,2021-05-24 17:30:01,0,172.58.38.139,100,486,1,2021-05-24 17:30:01,R_3PyPMlRvgzKWsr5,,,,,38.6157073974609375,-121.5052947998046875,anonymous,EN,6070f449711790a79d558f08,,,,,,,,,"3,4","2,4",,"3,4",,,,,,,"3,4",,,"1,4",,,,"3,4",,"2,4",,"2,4","3,4","3,4",,"3,4",,,,,,,,,,,,"3,4","3,4","1,4",,,,,,,,,"2,5",,,"3,4","2,4",,,,,,,,,"3,4",,,,,,,,,"3,5",,"3,5",,,,"3,4","3,4",,,,"3,4",,"2,6",,,,,,,,,,,,"2,4",,,,,,,,,"2,4","2,4",,,"3,4",,,"3,4",,,"2,4",,,,,,,,"3,4",,,,,,"3,4",,,,"3,4",,,"2,4",,,,"3,4",,,"1,5","1,4",,,,,"2,5",,,,,,"1,4",,,"1,4",6070f449711790a79d558f08
2021-05-24 17:21:32,2021-05-24 17:30:03,0,107.128.191.110,100,510,1,2021-05-24 17:30:03,R_3rMPQTh2ktHScSv,,,,,34.0034027099609375,-84.46050262451171875,anonymous,EN,609da5f6ec9a8e9667bdec44,,"3,4","2,4",,,"3,4",,,,,,,,,"2,4","3,4",,,,,,"1,4","3,4","3,4",,,,"1,4",,,"3,4","3,4","3,4",,,,,,"3,4",,,,,,"3,4",,"3,4","3,4","2,4","3,4",,,,"3,4",,,,"3,4",,,"3,4",,,,"3,4",,"3,4",,,,"3,4",,,,"3,4",,,"1,6",,"3,4","3,4",,"3,4",,,,,,,,,"1,6",,,,,"2,6",,,,,,,"3,4",,,,,,,,,,,,"3,4",,,,,"2,4",,,,,,,,,,,,"3,4",,,,,"3,4",,"3,4",,,"1,4",,,,,,,,,,,,,"1,6",,,,,,,,,,"1,4",609da5f6ec9a8e9667bdec44
2021-05-24 17:23:21,2021-05-24 17:30:52,0,165.225.8.113,100,450,1,2021-05-24 17:30:53,R_1LtbqbuUEi6LeOq,,,,,40.1215057373046875,-75.32689666748046875,anonymous,EN,6064c73e9b8cba2fd56840a0,,,,,,,,"3,4",,"3,4",,,,,,,"3,4","2,4",,,,"1,4",,,,,"3,4",,,"3,4",,"3,4",,,,"3,4",,,,,,,,"3,4",,,"3,4",,,,,,,,"3,4",,,"3,4","3,4",,,,,,,,,,,"2,4",,,"2,4",,,"3,4",,,,,"3,4",,,,,,,,"1,4",,"3,4",,,"2,4",,,"3,4",,,,,"1,4","1,4",,,,,,"1,4",,"3,4",,,,,,,,,"2,4",,,,,,"3,4",,,,,"3,4",,,,,,"3,4",,,,"3,4",,,,"3,4",,"2,4","2,4",,"1,4",,,"1,5","1,4",,,,,,,,,"1,4","1,4","1,4",,6064c73e9b8cba2fd56840a0
2021-05-24 17:19:13,2021-05-24 17:33:02,0,174.250.24.13,100,828,1,2021-05-24 17:33:02,R_uq82Gn4lFdHotgd,,,,,37.751007080078125,-97.82199859619140625,anonymous,EN,5e612ecc86a23003331a385f,,,,"3,4",,,"3,4","3,4",,"2,4","3,4",,,"3,4",,,,"3,4",,,"3,4","2,4",,"3,4",,,,,,,,,,,,,,"3,4",,"3,4","2,4",,,,,"3,4",,,,,,,,"3,5",,,,,,,,,,,,,,,,,,"3,4",,,,,,,"2,6",,"3,5",,,,,,,,,,,,,,"3,4",,,,,,,,,"2,4",,,,,"2,4","3,4",,"3,4",,"3,4",,"3,4","3,4",,"2,4",,,,,,,,,,,,,"3,4","3,4",,,"2,4",,"3,4","3,5",,,,,,,,"3,4","2,4",,,"2,4","1,5",,"1,6","2,5",,,"1,4",,,,,,,,"2,4",5e612ecc86a23003331a385f
2021-05-24 17:22:28,2021-05-24 17:38:40,0,173.62.251.151,100,971,1,2021-05-24 17:38:40,R_XjJTpqQlao00zIZ,,,,,39.93609619140625,-75.2624969482421875,anonymous,EN,5f73f37ed13ce303cc14ae35,,,,"3,4","2,4",,,,,,,,,,,,"3,4",,,"3,4",,,,,"3,4",,,,,,"2,4",,,,"2,4","3,4",,,,"3,4",,,,"3,4",,,"3,4",,,,,,"3,4","3,4",,"2,4",,"2,4",,,,,,,"3,4",,,"2,6","3,4",,,,"2,4",,,"3,4",,,"3,5",,,,"3,4",,,,,,,,,,,,,,,"3,4",,,"3,4",,,,"2,4","1,4",,,,,"3,4",,"1,4",,,,"3,4",,,"2,4",,,,,"3,4","2,4",,,,,,,,"1,4","3,4",,,,,"2,4",,,"1,4",,"3,4","3,4",,,,,,,,,,,,,"1,4","1,4",,,,,,,5f73f37ed13ce303cc14ae35
2021-05-24 17:19:45,2021-05-24 17:40:16,0,67.212.52.214,100,1231,1,2021-05-24 17:40:17,R_2WUYd7zijIJs38s,,,,,33.7196044921875,-78.97540283203125,anonymous,EN,5c1ad24cfcd4490001d3f2c1,,,,,,,"3,4","3,4",,"2,4",,"3,4","3,4",,,,,,,,,,"3,4",,,"3,4",,,,,"3,4",,,,,"3,4",,,"2,4",,"2,4","3,4",,,,,,,,,,,,,,,,,"3,4",,,,,,,,,,,,,,,"2,6",,"2,4","3,4",,,"3,5",,,,,"2,6",,,,"2,6",,"3,4",,"3,4",,,,,,,,,,,"2,4",,"1,4",,"3,4",,"3,4","3,4",,"1,4",,,,"3,4",,,"2,4",,,"1,4",,"3,4",,,,"1,4",,,,"3,4","1,4",,,,,,,"3,4",,,,,"3,4",,"2,4",,,,,"1,6",,,"2,6",,,,,,,,"2,4",,,5c1ad24cfcd4490001d3f2c1
2021-05-24 17:22:25,2021-05-24 17:42:22,0,74.105.115.32,100,1197,1,2021-05-24 17:42:23,R_x3jfPQ8t02uvxYZ,,,,,40.8800048828125,-74.1031036376953125,anonymous,EN,601c439a4bb8ca71ae32e269,,"3,4",,,"3,4",,"3,4",,,,,,,,,,,,,,,,,"3,4",,,"3,4",,"3,4",,"3,4","2,4",,"3,4","2,4",,,,,"3,4",,"3,4","3,4","3,4",,,,,,,"2,4",,,,"3,4","2,5","3,5","2,4",,,,,,,,,,,,"3,4",,,,"3,5","3,4",,,,,"1,6",,,,,,"3,4","2,6",,,,,"2,6",,,,,,,,,"3,4","2,4",,,,"2,4",,"3,4",,,,"3,4",,,,,,,,,"3,4",,,,,,,,,,,,,,,,,,,,,,,,,,"3,4",,"3,4",,,,,,"2,6","2,6",,,"1,4",,,"1,5","2,4","2,4",,,601c439a4bb8ca71ae32e269
2021-05-24 17:22:23,2021-05-24 18:06:04,0,99.100.13.40,100,2620,1,2021-05-24 18:06:05,R_42sQ30bW32efsl3,,,,,43.1100006103515625,-88.4889984130859375,anonymous,EN,5defe76ec33cea000b6cb8e1,,,,"2,4",,,,,,,,,,"3,4",,,,,,,"3,4",,,"3,4",,"3,4",,,"3,4",,,,,,,,,"3,4",,,,,,,,,"2,4",,,"3,4",,,,,"3,4","2,6","2,6","3,4","2,4",,,,"2,4",,,,,,"2,4",,,"2,4","1,5",,,,,,,,,"3,5",,"2,4",,,,,,"3,4",,,,,,,"2,6",,,"3,4",,"2,4",,,"1,4",,,"3,4",,,,,"2,4",,,,,,,"2,4","2,4",,,,,,"2,5",,"2,4",,,"3,4",,,,,,,,,,,"1,4",,,,,,"1,4","1,5","1,4",,,,,,"2,5","2,5",,,"2,5",,"2,5",,,,5defe76ec33cea000b6cb8e1
