StartDate,EndDate,Status,IPAddress,Progress,Duration (in seconds),Finished,RecordedDate,ResponseId,RecipientLastName,RecipientFirstName,RecipientEmail,ExternalReference,LocationLatitude,LocationLongitude,DistributionChannel,UserLanguage,prolific,wikitext_mallet_0,wikitext_mallet_13,wikitext_mallet_18,wikitext_mallet_15,wikitext_mallet_30,wikitext_mallet_14,wikitext_mallet_49,wikitext_mallet_3,wikitext_mallet_35,wikitext_mallet_4,wikitext_mallet_29,wikitext_mallet_43,wikitext_mallet_19,wikitext_mallet_38,wikitext_mallet_24,wikitext_mallet_36,wikitext_mallet_6,wikitext_mallet_21,wikitext_mallet_22,wikitext_mallet_47,wikitext_mallet_10,wikitext_mallet_27,wikitext_mallet_39,wikitext_mallet_2,wikitext_mallet_12,wikitext_mallet_25,wikitext_mallet_31,wikitext_mallet_23,wikitext_mallet_1,wikitext_mallet_42,wikitext_mallet_44,wikitext_mallet_28,wikitext_mallet_20,wikitext_mallet_37,wikitext_mallet_16,wikitext_mallet_48,wikitext_mallet_7,wikitext_mallet_40,wikitext_mallet_17,wikitext_mallet_11,wikitext_mallet_32,wikitext_mallet_45,wikitext_mallet_5,wikitext_mallet_26,wikitext_mallet_33,wikitext_mallet_46,wikitext_mallet_9,wikitext_mallet_8,wikitext_mallet_41,wikitext_mallet_34,wikitext_dvae_44,wikitext_dvae_30,wikitext_dvae_6,wikitext_dvae_3,wikitext_dvae_33,wikitext_dvae_26,wikitext_dvae_32,wikitext_dvae_45,wikitext_dvae_34,wikitext_dvae_1,wikitext_dvae_5,wikitext_dvae_16,wikitext_dvae_11,wikitext_dvae_24,wikitext_dvae_15,wikitext_dvae_46,wikitext_dvae_28,wikitext_dvae_29,wikitext_dvae_31,wikitext_dvae_22,wikitext_dvae_19,wikitext_dvae_27,wikitext_dvae_23,wikitext_dvae_43,wikitext_dvae_4,wikitext_dvae_35,wikitext_dvae_21,wikitext_dvae_25,wikitext_dvae_9,wikitext_dvae_36,wikitext_dvae_10,wikitext_dvae_40,wikitext_dvae_12,wikitext_dvae_8,wikitext_dvae_0,wikitext_dvae_13,wikitext_dvae_37,wikitext_dvae_48,wikitext_dvae_7,wikitext_dvae_2,wikitext_dvae_14,wikitext_dvae_20,wikitext_dvae_42,wikitext_dvae_41,wikitext_dvae_17,wikitext_dvae_18,wikitext_dvae_39,wikitext_dvae_49,wikitext_dvae_47,wikitext_dvae_38,wikitext_etm_42,wikitext_etm_22,wikitext_etm_9,wikitext_etm_4,wikitext_etm_33,wikitext_etm_38,wikitext_etm_46,wikitext_etm_11,wikitext_etm_7,wikitext_etm_47,wikitext_etm_27,wikitext_etm_44,wikitext_etm_15,wikitext_etm_6,wikitext_etm_16,wikitext_etm_25,wikitext_etm_21,wikitext_etm_26,wikitext_etm_45,wikitext_etm_23,wikitext_etm_12,wikitext_etm_49,wikitext_etm_40,wikitext_etm_41,wikitext_etm_39,wikitext_etm_13,wikitext_etm_20,wikitext_etm_17,wikitext_etm_43,wikitext_etm_48,wikitext_etm_31,wikitext_etm_24,wikitext_etm_8,wikitext_etm_29,wikitext_etm_28,wikitext_etm_14,wikitext_etm_32,wikitext_etm_36,wikitext_etm_1,wikitext_etm_35,wikitext_etm_34,wikitext_etm_3,wikitext_etm_19,wikitext_etm_5,wikitext_etm_18,wikitext_etm_10,wikitext_etm_2,wikitext_etm_37,wikitext_etm_0,wikitext_etm_30,wikitext_fake_10000,wikitext_fake_10001,wikitext_fake_10002,wikitext_fake_10003,wikitext_fake_10004,wikitext_fake_10005,wikitext_fake_10006,wikitext_fake_10007,nytimes_fake_10008,nytimes_fake_10009,nytimes_fake_10010,nytimes_fake_10011,nytimes_fake_10012,nytimes_fake_10013,nytimes_fake_10014,nytimes_fake_10015,PROLIFIC_PID
Start Date,End Date,Response Type,IP Address,Progress,Duration (in seconds),Finished,Recorded Date,Response ID,Recipient Last Name,Recipient First Name,Recipient Email,External Data Reference,Location Latitude,Location Longitude,Distribution Channel,User Language,Please enter your Prolific PID:,"Please rate how related the following terms are to each other and how familiar you are with the terms:
 water, area, river, park, miles, years, feet, lake, land, ice","Please rate how related the following terms are to each other and how familiar you are with the terms:
 game, team, season, yards, yard, football, coach, touchdown, michigan, play","Please rate how related the following terms are to each other and how familiar you are with the terms:
 forces, war, attack, division, troops, battle, north, battalion, force, infantry","Please rate how related the following terms are to each other and how familiar you are with the terms:
 million, company, year, announced, business, began, sold, years, including, public","Please rate how related the following terms are to each other and how familiar you are with the terms:
 song, album, number, video, music, single, chart, released, track, songs","Please rate how related the following terms are to each other and how familiar you are with the terms:
 india, temple, indian, century, king, god, period, ancient, hindu, found","Please rate how related the following terms are to each other and how familiar you are with the terms:
 aircraft, air, flight, squadron, war, wing, japanese, flying, pilot, fighter","Please rate how related the following terms are to each other and how familiar you are with the terms:
 world, won, race, games, time, olympics, event, olympic, team, oxford","Please rate how related the following terms are to each other and how familiar you are with the terms:
 earth, star, mass, formula, planet, sun, light, stars, years, surface","Please rate how related the following terms are to each other and how familiar you are with the terms:
 club, season, team, cup, match, league, final, goal, scored, played","Please rate how related the following terms are to each other and how familiar you are with the terms:
 british, ship, ships, french, island, captain, fleet, expedition, crew, sea","Please rate how related the following terms are to each other and how familiar you are with the terms:
 australia, test, match, england, australian, runs, innings, team, cricket, wickets","Please rate how related the following terms are to each other and how familiar you are with the terms:
 disease, cells, blood, cell, risk, treatment, people, symptoms, protein, effects","Please rate how related the following terms are to each other and how familiar you are with the terms:
 women, god, social, people, world, work, christian, language, religious, human","Please rate how related the following terms are to each other and how familiar you are with the terms:
 school, students, university, college, year, student, research, program, education, campus","Please rate how related the following terms are to each other and how familiar you are with the terms:
 species, brown, fruit, cap, plants, found, plant, genus, tree, white","Please rate how related the following terms are to each other and how familiar you are with the terms:
 family, life, years, time, father, year, death, born, mother, wife","Please rate how related the following terms are to each other and how familiar you are with the terms:
 american, war, united_states, washington, new_york, men, virginia, general, americans, governor","Please rate how related the following terms are to each other and how familiar you are with the terms:
 music, musical, opera, works, composer, work, performance, piano, theatre, performed","Please rate how related the following terms are to each other and how familiar you are with the terms:
 law, court, act, government, case, state, rights, legal, public, decision","Please rate how related the following terms are to each other and how familiar you are with the terms:
 building, built, century, house, site, castle, church, stone, buildings, construction","Please rate how related the following terms are to each other and how familiar you are with the terms:
 episode, homer, season, series, simpsons, bart, television, episodes, family, lisa","Please rate how related the following terms are to each other and how familiar you are with the terms:
 storm, damage, hurricane, people, winds, million, florida, damaged, caused, flooding","Please rate how related the following terms are to each other and how familiar you are with the terms:
 match, championship, team, event, title, wrestling, defeated, ring, episode, wwe","Please rate how related the following terms are to each other and how familiar you are with the terms:
 arab, muslim, israel, egypt, jewish, israeli, syria, iraq, armenian, pakistan","Please rate how related the following terms are to each other and how familiar you are with the terms:
 army, emperor, city, battle, war, military, greek, roman, empire, byzantine","Please rate how related the following terms are to each other and how familiar you are with the terms:
 art, white, painting, work, flag, black, red, works, paintings, artist","Please rate how related the following terms are to each other and how familiar you are with the terms:
 police, people, found, death, prison, told, murder, case, trial, day","Please rate how related the following terms are to each other and how familiar you are with the terms:
 species, birds, males, females, bird, white, found, female, male, range","Please rate how related the following terms are to each other and how familiar you are with the terms:
 king, england, english, royal, scotland, henry, century, son, edward, death","Please rate how related the following terms are to each other and how familiar you are with the terms:
 book, published, story, work, writing, wrote, books, stories, written, works","Please rate how related the following terms are to each other and how familiar you are with the terms:
 species, found, animals, large, long, teeth, animal, genus, body, small","Please rate how related the following terms are to each other and how familiar you are with the terms:
 station, line, bridge, railway, trains, service, construction, train, built, opened","Please rate how related the following terms are to each other and how familiar you are with the terms:
 tropical, storm, hurricane, cyclone, depression, winds, mph, system, september, season","Please rate how related the following terms are to each other and how familiar you are with the terms:
 album, band, music, song, released, songs, rock, guitar, record, recording","Please rate how related the following terms are to each other and how familiar you are with the terms:
 system, design, power, production, engine, model, high, development, time, speed","Please rate how related the following terms are to each other and how familiar you are with the terms:
 episode, season, series, episodes, character, television, viewers, time, cast, million","Please rate how related the following terms are to each other and how familiar you are with the terms:
 city, town, area, population, local, century, centre, largest, located, district","Please rate how related the following terms are to each other and how familiar you are with the terms:
 race, stage, lap, team, time, car, johnson, lead, points, won","Please rate how related the following terms are to each other and how familiar you are with the terms:
 chinese, china, century, government, world, japanese, country, food, trade, japan","Please rate how related the following terms are to each other and how familiar you are with the terms:
 season, game, team, games, league, career, played, year, player, points","Please rate how related the following terms are to each other and how familiar you are with the terms:
 ship, ships, guns, war, class, german, tons, gun, long, fleet","Please rate how related the following terms are to each other and how familiar you are with the terms:
 horses, horse, breed, coins, silver, dog, gold, mint, coin, dollar","Please rate how related the following terms are to each other and how familiar you are with the terms:
 series, character, story, characters, bond, star, time, released, original, set","Please rate how related the following terms are to each other and how familiar you are with the terms:
 episode, series, doctor, mulder, character, michael, scully, television, season, episodes","Please rate how related the following terms are to each other and how familiar you are with the terms:
 film, films, production, role, million, released, release, movie, director, cast","Please rate how related the following terms are to each other and how familiar you are with the terms:
 election, president, state, government, party, political, campaign, governor, elected, vote","Please rate how related the following terms are to each other and how familiar you are with the terms:
 route, highway, road, state, north, east, south, west, street, interchange","Please rate how related the following terms are to each other and how familiar you are with the terms:
 game, player, games, released, players, video, series, version, release, characters","Please rate how related the following terms are to each other and how familiar you are with the terms:
 war, government, german, military, soviet, political, polish, germany, russian, country","Please rate how related the following terms are to each other and how familiar you are with the terms:
 aircraft, bombers, bomber, pilots, destroyers, sorties, fighter, fighters, squadron, raaf","Please rate how related the following terms are to each other and how familiar you are with the terms:
 renumbering, intersection, intersects, intersections, national_highway_system, highway, interchange, route, terminus, realigned","Please rate how related the following terms are to each other and how familiar you are with the terms:
 album, certifications, chart, billboard, recording_industry_association_of_america, song, australian_recording_industry_association, mtv_video_music_awards, vocals, albums","Please rate how related the following terms are to each other and how familiar you are with the terms:
 juveniles, females, iucn, males, species, mating, predators, genus, habitat, breeding","Please rate how related the following terms are to each other and how familiar you are with the terms:
 tropical, landfall, cyclone, utc, weakening, intensify, dissipated, storm, weakened, hurricane","Please rate how related the following terms are to each other and how familiar you are with the terms:
 episode, dana_scully, robert_shearman, gillian_anderson, fox_mulder, david_duchovny, lars_pearson, mulder, todd_vanderwerff, scully","Please rate how related the following terms are to each other and how familiar you are with the terms:
 ringo_starr, george_harrison, beatles, simon_leng, guitarist, harrison, beatle, apple_records, nicholas_schaffner, john_lennon","Please rate how related the following terms are to each other and how familiar you are with the terms:
 mint, numismatic, obverse, coin, coins, mintage, coinage, dollar, walter_breen, cornelius_vermeule","Please rate how related the following terms are to each other and how familiar you are with the terms:
 flows, tributaries, tributary, watershed, hiking, downstream, trails, upstream, km2, geology","Please rate how related the following terms are to each other and how familiar you are with the terms:
 stonework, nave, castle, vaulted, architectural, carved, courtyard, façade, buttresses, ashlar","Please rate how related the following terms are to each other and how familiar you are with the terms:
 epidemiology, symptoms, clinical, diagnosis, therapy, binds, medications, symptom, medication, molecule","Please rate how related the following terms are to each other and how familiar you are with the terms:
 infantry, flank, casualties, battalion, battalions, artillery, brigade, repulsed, counterattack, reinforcements","Please rate how related the following terms are to each other and how familiar you are with the terms:
 composer, composers, orchestral, opera, soloists, cantata, musicologist, tenor, repertory, operatic","Please rate how related the following terms are to each other and how familiar you are with the terms:
 communist, soviet_union, coup, communists, nationalist, socialist, regime, serb, soviet, civilians","Please rate how related the following terms are to each other and how familiar you are with the terms:
 landfall, gusts, flooding, hurricane, winds, storm, rainfall, downed, saffir, outages","Please rate how related the following terms are to each other and how familiar you are with the terms:
 storylines, episode, viewers, realises, alan_sepinwall, storyline, radio_times, episodes, airing, viewership","Please rate how related the following terms are to each other and how familiar you are with the terms:
 astronomers, orbit, brightest, orbiting, orbital, international_astronomical_union, planetary, orbits, brightness, observations","Please rate how related the following terms are to each other and how familiar you are with the terms:
 trains, electrified, railway, traffic, terminus, interchange, railways, station, electrification, platforms","Please rate how related the following terms are to each other and how familiar you are with the terms:
 uefa, relegation, club, footballer, midfielder, cup, equaliser, wembley, football_league, goal","Please rate how related the following terms are to each other and how familiar you are with the terms:
 chronicler, archbishop, bishops, heir, archbishop_of_canterbury, papal, papacy, reign, anglo-saxon_chronicle, northumbria","Please rate how related the following terms are to each other and how familiar you are with the terms:
 rotten_tomatoes, roger_ebert, film, screenplay, grossing, grossed, theaters, cinemascore, filming, james_berardinelli","Please rate how related the following terms are to each other and how familiar you are with the terms:
 album, albums, guitarist, band, bassist, robert_christgau, discography, allmusic, frontman, label","Please rate how related the following terms are to each other and how familiar you are with the terms:
 amidships, ships, conning, ship, torpedoed, abeam, frigate, hms, cruiser, knots","Please rate how related the following terms are to each other and how familiar you are with the terms:
 coaster, roller, ride, coasters, national_register_of_historic_places, tallest, building, renovation, floors, inversions","Please rate how related the following terms are to each other and how familiar you are with the terms:
 manhattan_project, los_alamos_laboratory, robert_oppenheimer, enrico_fermi, physicist, isotopes, los_alamos, physics, atomic_energy_commission, faculty","Please rate how related the following terms are to each other and how familiar you are with the terms:
 race, lap, laps, drivers, riders, races, rower, sprint, cambridge, standings","Please rate how related the following terms are to each other and how familiar you are with the terms:
 novel, novels, homer, warren_martyn, simpsons, better_updated_unofficial_simpsons_guide, paperback, adrian_wood, readers, publishers_weekly","Please rate how related the following terms are to each other and how familiar you are with the terms:
 investigators, testified, prosecution, police, prosecutors, sentenced, murder, testimony, convicted, arrested","Please rate how related the following terms are to each other and how familiar you are with the terms:
 nhl, national_hockey_league, playoffs, american_hockey_league, hockey, assists, overtime, boston_bruins, montreal_canadiens, calgary_flames","Please rate how related the following terms are to each other and how familiar you are with the terms:
 fuselage, engine, cockpit, airframe, aerodynamic, lbf, vehicle, payload, aircraft, variants","Please rate how related the following terms are to each other and how familiar you are with the terms:
 film, filmography, screenplay, roger_ebert, times_of_india, starred, directorial, grossed, starring, cinema","Please rate how related the following terms are to each other and how familiar you are with the terms:
 wicket, match, wrestlers, matches, innings, bowling, bowler, bowled, wickets, cricket","Please rate how related the following terms are to each other and how familiar you are with the terms:
 theory, philosopher, empirical, philosophers, thinkers, theologians, mathematical, mathematics, philosophical, religions","Please rate how related the following terms are to each other and how familiar you are with the terms:
 hindu, inscriptions, dynasty, deity, temple, iconography, worship, devotees, vedic, goddess","Please rate how related the following terms are to each other and how familiar you are with the terms:
 certifications, mtv_news, australian_recording_industry_association, chart, sal_cinquemani, song, lyrically, idolator, slant_magazine, recording_industry_association_of_america","Please rate how related the following terms are to each other and how familiar you are with the terms:
 demography, parish, constituency, councillors, domesday, english_heritage, south_west_england, wards, bronze_age, manor","Please rate how related the following terms are to each other and how familiar you are with the terms:
 campus, alumni, faculty, students, undergraduate, curriculum, enrollment, ceo, skiing, programs","Please rate how related the following terms are to each other and how familiar you are with the terms:
 lyrically, certifications, mtv_news, sal_cinquemani, chart, australian_recording_industry_association, idolator, song, slant_magazine, recording_industry_association_of_america","Please rate how related the following terms are to each other and how familiar you are with the terms:
 supreme_court, constitutional, courts, statutory, statute, court_of_appeal, certiorari, court, judicial, constitutionality","Please rate how related the following terms are to each other and how familiar you are with the terms:
 house_of_commons, church_of_england, protestant, highness, queen_victoria, prince_of_wales, protestants, heir, earl, house_of_lords","Please rate how related the following terms are to each other and how familiar you are with the terms:
 painting, paintings, painter, literary, poems, novel, poem, portraits, prose, poet","Please rate how related the following terms are to each other and how familiar you are with the terms:
 waterline, conning, turrets, boilers, amidships, aft, knots, armament, guns, mounts","Please rate how related the following terms are to each other and how familiar you are with the terms:
 touchdowns, quarterback, touchdown, yards, offense, rushing, hitter, yard, interception, fumble","Please rate how related the following terms are to each other and how familiar you are with the terms:
 spore, basidia, spores, mycologist, hyphae, fungus, cystidia, edibility, whitish, edible","Please rate how related the following terms are to each other and how familiar you are with the terms:
 royal_australian_air_force, raaf, australian_imperial_force, distinguished_flying_cross, distinguished_service_order, despatches, brigadier, citation, commanding, lieutenant","Please rate how related the following terms are to each other and how familiar you are with the terms:
 manga, anime, anime_news_network, famitsu, serialized, final_fantasy, tankōbon, playable, serialization, square_enix","Please rate how related the following terms are to each other and how familiar you are with the terms:
 continental_army, expedition, militia, frigate, musket, frigates, muskets, skirmish, confederate, colonists","Please rate how related the following terms are to each other and how familiar you are with the terms:
 gameplay, gamespot, graphics, game, multiplayer, eurogamer, playable, gamepro, informer, ign","Please rate how related the following terms are to each other and how familiar you are with the terms:
 republican, democratic, democrat, democratic_party, republicans, election, nominee, senator, candidacy, presidential","Please rate how related the following terms are to each other and how familiar you are with the terms:
 demographics, census, capita, united_states_census_bureau, köppen, campus, city, population, alumni, busiest","Please rate how related the following terms are to each other and how familiar you are with the terms:
 use, order, human, possible, required, evidence, case, role, process, effect","Please rate how related the following terms are to each other and how familiar you are with the terms:
 killed, sent, attack, left, near, support, arrived, led, forced, soon","Please rate how related the following terms are to each other and how familiar you are with the terms:
 great, early, major, success, successful, hand, best, general, strong, earlier","Please rate how related the following terms are to each other and how familiar you are with the terms:
 war, april, march, september, june, december, august, october, january, july","Please rate how related the following terms are to each other and how familiar you are with the terms:
 home, new, making, open, play, run, room, opening, free, inside","Please rate how related the following terms are to each other and how familiar you are with the terms:
 school, students, member, college, education, schools, university, members, class, student","Please rate how related the following terms are to each other and how familiar you are with the terms:
 television, award, awards, dvd, nominated, critics, video, animated, actress, festival","Please rate how related the following terms are to each other and how familiar you are with the terms:
 music, musical, stage, piano, performed, played, playing, play, performance, opera","Please rate how related the following terms are to each other and how familiar you are with the terms:
 stated, considered, went, chief, said, took, worked, called, decided, continued","Please rate how related the following terms are to each other and how familiar you are with the terms:
 god, church, christian, religious, temple, worship, language, languages, traditions, tradition","Please rate how related the following terms are to each other and how familiar you are with the terms:
 art, gold, act, silver, image, flag, painting, pieces, artist, artists","Please rate how related the following terms are to each other and how familiar you are with the terms:
 game, player, games, released, players, gameplay, release, video, character, series","Please rate how related the following terms are to each other and how familiar you are with the terms:
 white, black, red, brown, blue, dark, long, metal, yellow, green","Please rate how related the following terms are to each other and how familiar you are with the terms:
 formula, chemical, nuclear, applications, element, hydrogen, atomic, uranium, oxygen, gas","Please rate how related the following terms are to each other and how familiar you are with the terms:
 aircraft, air, flight, car, service, engine, flying, wing, train, cars","Please rate how related the following terms are to each other and how familiar you are with the terms:
 route, road, highway, state, north, traffic, east, street, intersection, continues","Please rate how related the following terms are to each other and how familiar you are with the terms:
 city, area, town, west, south, north, local, east, station, line","Please rate how related the following terms are to each other and how familiar you are with the terms:
 ship, ships, guns, fleet, class, inch, tons, torpedo, naval, gun","Please rate how related the following terms are to each other and how familiar you are with the terms:
 species, birds, genus, specimens, animal, bird, tail, habitat, taxonomy, females","Please rate how related the following terms are to each other and how familiar you are with the terms:
 king, england, london, english, lord, royal, scotland, queen, sir, edward","Please rate how related the following terms are to each other and how familiar you are with the terms:
 song, album, band, music, songs, number, single, released, chart, video","Please rate how related the following terms are to each other and how familiar you are with the terms:
 police, court, people, trial, report, prison, incident, arrested, violence, murder","Please rate how related the following terms are to each other and how familiar you are with the terms:
 government, state, president, law, political, governor, election, minister, national, act","Please rate how related the following terms are to each other and how familiar you are with the terms:
 season, game, team, league, club, games, played, scored, goal, play","Please rate how related the following terms are to each other and how familiar you are with the terms:
 society, read, literature, author, literary, argued, ideas, poem, poetry, moral","Please rate how related the following terms are to each other and how familiar you are with the terms:
 film, series, character, season, production, role, characters, best, scene, released","Please rate how related the following terms are to each other and how familiar you are with the terms:
 million, company, sold, business, percent, commercial, announced, market, industry, cost","Please rate how related the following terms are to each other and how familiar you are with the terms:
 won, team, year, record, second, finished, final, points, round, world","Please rate how related the following terms are to each other and how familiar you are with the terms:
 earth, sun, surface, star, planet, mass, light, moon, years, stars","Please rate how related the following terms are to each other and how familiar you are with the terms:
 storm, tropical, hurricane, winds, depression, mph, wind, cyclone, september, august","Please rate how related the following terms are to each other and how familiar you are with the terms:
 military, soviet, army, emperor, hungarian, roman, muslim, empire, war, forces","Please rate how related the following terms are to each other and how familiar you are with the terms:
 treatment, blood, brain, cell, disease, risk, patients, cells, symptoms, dna","Please rate how related the following terms are to each other and how familiar you are with the terms:
 known, large, century, found, small, number, called, high, including, long","Please rate how related the following terms are to each other and how familiar you are with the terms:
 public, money, signed, manager, future, self, local, contract, deal, letter","Please rate how related the following terms are to each other and how familiar you are with the terms:
 building, built, century, buildings, site, stone, hall, castle, tower, wall","Please rate how related the following terms are to each other and how familiar you are with the terms:
 episode, episodes, television, viewers, aired, broadcast, fox, guest, watched, simpsons","Please rate how related the following terms are to each other and how familiar you are with the terms:
 time, second, later, end, following, place, half, day, took, right","Please rate how related the following terms are to each other and how familiar you are with the terms:
 water, population, feet, land, island, food, region, sea, river, area","Please rate how related the following terms are to each other and how familiar you are with the terms:
 american, united_states, new_york, washington, california, texas, americans, virginia, chicago, boston","Please rate how related the following terms are to each other and how familiar you are with the terms:
 battle, force, forces, japanese, command, troops, army, men, commander, general","Please rate how related the following terms are to each other and how familiar you are with the terms:
 said, like, wrote, love, writing, felt, called, good, written, received","Please rate how related the following terms are to each other and how familiar you are with the terms:
 australia, world, country, international, united_states, australian, india, countries, united_kingdom, japan","Please rate how related the following terms are to each other and how familiar you are with the terms:
 family, death, life, years, father, later, son, man, children, house","Please rate how related the following terms are to each other and how familiar you are with the terms:
 race, horses, horse, oxford, cambridge, canal, dog, estate, boat, colony","Please rate how related the following terms are to each other and how familiar you are with the terms:
 match, title, defeated, championship, event, ring, team, won, win, raw","Please rate how related the following terms are to each other and how familiar you are with the terms:
 relationship, tells, begins, leaves, goes, tries, finds, jack, takes, meets","Please rate how related the following terms are to each other and how familiar you are with the terms:
 work, published, book, years, described, time, group, style, early, people","Please rate how related the following terms are to each other and how familiar you are with the terms:
 story, novel, stories, fiction, doctor, book, magazine, bond, alien, comic","Please rate how related the following terms are to each other and how familiar you are with the terms:
 new, use, development, world, design, created, system, developed, power, based","Please rate how related the following terms are to each other and how familiar you are with the terms:
 day, found, night, live, seen, set, return, fire, having, way","Please rate how related the following terms are to each other and how familiar you are with the terms:
 politburo, athenians, molecules, glee, skiers, caliphate, verbs, marx, thrace, flag","Please rate how related the following terms are to each other and how familiar you are with the terms:
 yoga, king, design, serbs, tellurium, police, beauchamp, mongol, futterman, knin","Please rate how related the following terms are to each other and how familiar you are with the terms:
 aircraft, hubbard, shale, thrace, kannada, verstappen, wyatt, benetton, verbs, king","Please rate how related the following terms are to each other and how familiar you are with the terms:
 foals, byzantine, coins, waffen-ss, nasser, bacteria, court, nouns, agron, ustaše","Please rate how related the following terms are to each other and how familiar you are with the terms:
 phonology, surface, integers, himmler, caliph, vettel, xerxes, ustaše, serbs, vowels","Please rate how related the following terms are to each other and how familiar you are with the terms:
 foals, aircraft, matrices, colt, city, topological, fleming, breeds, milošević, shackleton","Please rate how related the following terms are to each other and how familiar you are with the terms:
 junta, glee, city, said, foals, trains, futterman, electron, abbasid, massa","Please rate how related the following terms are to each other and how familiar you are with the terms:
 flag, reich, radon, inhibitors, church, stallions, hergé, croat, acids, consonants","Please rate how related the following terms are to each other and how familiar you are with the terms:
 cancer, coupe, opec, misidentified, daughter, wedding, public, obituary, aristide, child","Please rate how related the following terms are to each other and how familiar you are with the terms:
 solicitors, entrees, tariffs, article, children, community, town, percent, torque, chrysler","Please rate how related the following terms are to each other and how familiar you are with the terms:
 automakers, lilco, shoreham, parents, percent, mitzvah, like, sealer, sales, neighborhood","Please rate how related the following terms are to each other and how familiar you are with the terms:
 neighborhood, babies, balanchine, cancer, par-3, campaign, grader, taffeta, neediest, chrysler","Please rate how related the following terms are to each other and how familiar you are with the terms:
 hair, mayor, noriega, wines, company, music, china, tariffs, parents, sleep","Please rate how related the following terms are to each other and how familiar you are with the terms:
 black, company, solicitors, government, therapist, cultivars, garlicky, store, grandmaster, kids","Please rate how related the following terms are to each other and how familiar you are with the terms:
 police, editor, ford, cabernet, town, sandinistas, santa, literary, daughter, music","Please rate how related the following terms are to each other and how familiar you are with the terms:
 ford, years, american, kids, live, appetizer, government, payable, appetizers, black",PROLIFIC_PID
"{""ImportId"":""startDate"",""timeZone"":""Z""}","{""ImportId"":""endDate"",""timeZone"":""Z""}","{""ImportId"":""status""}","{""ImportId"":""ipAddress""}","{""ImportId"":""progress""}","{""ImportId"":""duration""}","{""ImportId"":""finished""}","{""ImportId"":""recordedDate"",""timeZone"":""Z""}","{""ImportId"":""_recordId""}","{""ImportId"":""recipientLastName""}","{""ImportId"":""recipientFirstName""}","{""ImportId"":""recipientEmail""}","{""ImportId"":""externalDataReference""}","{""ImportId"":""locationLatitude""}","{""ImportId"":""locationLongitude""}","{""ImportId"":""distributionChannel""}","{""ImportId"":""userLanguage""}","{""ImportId"":""QID3_TEXT""}","{""ImportId"":""QID4""}","{""ImportId"":""QID5""}","{""ImportId"":""QID6""}","{""ImportId"":""QID7""}","{""ImportId"":""QID8""}","{""ImportId"":""QID9""}","{""ImportId"":""QID10""}","{""ImportId"":""QID11""}","{""ImportId"":""QID12""}","{""ImportId"":""QID13""}","{""ImportId"":""QID14""}","{""ImportId"":""QID15""}","{""ImportId"":""QID16""}","{""ImportId"":""QID17""}","{""ImportId"":""QID18""}","{""ImportId"":""QID19""}","{""ImportId"":""QID20""}","{""ImportId"":""QID21""}","{""ImportId"":""QID22""}","{""ImportId"":""QID23""}","{""ImportId"":""QID24""}","{""ImportId"":""QID25""}","{""ImportId"":""QID26""}","{""ImportId"":""QID27""}","{""ImportId"":""QID28""}","{""ImportId"":""QID29""}","{""ImportId"":""QID30""}","{""ImportId"":""QID31""}","{""ImportId"":""QID32""}","{""ImportId"":""QID33""}","{""ImportId"":""QID34""}","{""ImportId"":""QID35""}","{""ImportId"":""QID36""}","{""ImportId"":""QID37""}","{""ImportId"":""QID38""}","{""ImportId"":""QID39""}","{""ImportId"":""QID40""}","{""ImportId"":""QID41""}","{""ImportId"":""QID42""}","{""ImportId"":""QID43""}","{""ImportId"":""QID44""}","{""ImportId"":""QID45""}","{""ImportId"":""QID46""}","{""ImportId"":""QID47""}","{""ImportId"":""QID48""}","{""ImportId"":""QID49""}","{""ImportId"":""QID50""}","{""ImportId"":""QID51""}","{""ImportId"":""QID52""}","{""ImportId"":""QID53""}","{""ImportId"":""QID54""}","{""ImportId"":""QID55""}","{""ImportId"":""QID56""}","{""ImportId"":""QID57""}","{""ImportId"":""QID58""}","{""ImportId"":""QID59""}","{""ImportId"":""QID60""}","{""ImportId"":""QID61""}","{""ImportId"":""QID62""}","{""ImportId"":""QID63""}","{""ImportId"":""QID64""}","{""ImportId"":""QID65""}","{""ImportId"":""QID66""}","{""ImportId"":""QID67""}","{""ImportId"":""QID68""}","{""ImportId"":""QID69""}","{""ImportId"":""QID70""}","{""ImportId"":""QID71""}","{""ImportId"":""QID72""}","{""ImportId"":""QID73""}","{""ImportId"":""QID74""}","{""ImportId"":""QID75""}","{""ImportId"":""QID76""}","{""ImportId"":""QID77""}","{""ImportId"":""QID78""}","{""ImportId"":""QID79""}","{""ImportId"":""QID80""}","{""ImportId"":""QID81""}","{""ImportId"":""QID82""}","{""ImportId"":""QID83""}","{""ImportId"":""QID84""}","{""ImportId"":""QID85""}","{""ImportId"":""QID86""}","{""ImportId"":""QID87""}","{""ImportId"":""QID88""}","{""ImportId"":""QID89""}","{""ImportId"":""QID90""}","{""ImportId"":""QID91""}","{""ImportId"":""QID92""}","{""ImportId"":""QID93""}","{""ImportId"":""QID94""}","{""ImportId"":""QID95""}","{""ImportId"":""QID96""}","{""ImportId"":""QID97""}","{""ImportId"":""QID98""}","{""ImportId"":""QID99""}","{""ImportId"":""QID100""}","{""ImportId"":""QID101""}","{""ImportId"":""QID102""}","{""ImportId"":""QID103""}","{""ImportId"":""QID104""}","{""ImportId"":""QID105""}","{""ImportId"":""QID106""}","{""ImportId"":""QID107""}","{""ImportId"":""QID108""}","{""ImportId"":""QID109""}","{""ImportId"":""QID110""}","{""ImportId"":""QID111""}","{""ImportId"":""QID112""}","{""ImportId"":""QID113""}","{""ImportId"":""QID114""}","{""ImportId"":""QID115""}","{""ImportId"":""QID116""}","{""ImportId"":""QID117""}","{""ImportId"":""QID118""}","{""ImportId"":""QID119""}","{""ImportId"":""QID120""}","{""ImportId"":""QID121""}","{""ImportId"":""QID122""}","{""ImportId"":""QID123""}","{""ImportId"":""QID124""}","{""ImportId"":""QID125""}","{""ImportId"":""QID126""}","{""ImportId"":""QID127""}","{""ImportId"":""QID128""}","{""ImportId"":""QID129""}","{""ImportId"":""QID130""}","{""ImportId"":""QID131""}","{""ImportId"":""QID132""}","{""ImportId"":""QID133""}","{""ImportId"":""QID134""}","{""ImportId"":""QID135""}","{""ImportId"":""QID136""}","{""ImportId"":""QID137""}","{""ImportId"":""QID138""}","{""ImportId"":""QID139""}","{""ImportId"":""QID140""}","{""ImportId"":""QID141""}","{""ImportId"":""QID142""}","{""ImportId"":""QID143""}","{""ImportId"":""QID144""}","{""ImportId"":""QID145""}","{""ImportId"":""QID146""}","{""ImportId"":""QID147""}","{""ImportId"":""QID148""}","{""ImportId"":""QID149""}","{""ImportId"":""QID150""}","{""ImportId"":""QID151""}","{""ImportId"":""QID152""}","{""ImportId"":""QID153""}","{""ImportId"":""QID154""}","{""ImportId"":""QID155""}","{""ImportId"":""QID156""}","{""ImportId"":""QID157""}","{""ImportId"":""QID158""}","{""ImportId"":""QID159""}","{""ImportId"":""QID160""}","{""ImportId"":""QID161""}","{""ImportId"":""QID162""}","{""ImportId"":""QID163""}","{""ImportId"":""QID164""}","{""ImportId"":""QID165""}","{""ImportId"":""QID166""}","{""ImportId"":""QID167""}","{""ImportId"":""QID168""}","{""ImportId"":""QID169""}","{""ImportId"":""PROLIFIC_PID""}"
2021-05-22 22:20:19,2021-05-22 22:36:39,0,76.22.45.201,100,979,1,2021-05-22 22:36:40,R_3KTJ6Uf8LN730yA,,,,,47.83880615234375,-122.1985015869140625,anonymous,EN,5ee5379d91c33b26aceecef7,,,,,,,"3,4",,"3,4",,"2,4",,,,,,"2,4","2,4",,,,,"2,4","3,4",,"2,5",,,,,,,,,,"2,4",,,"3,4",,,,,"2,4",,,"3,4","2,4",,"2,4",,,"3,4","2,4",,,,"2,6",,,,,,"3,4",,,,,,,"2,4",,,,,,,,,,,,"2,4","1,6",,,"3,4",,,,,"1,6",,"2,6","3,4",,,,,,"1,4",,,,,,,,"1,4",,"2,4",,,"2,4","3,4","3,4",,,,,,,,"3,4",,,"1,4",,,,,"3,4",,,"2,4",,,,,,"1,4",,"2,4",,,"2,4","1,4",,,,,,,,,,,"1,6",,,,,"1,4",,"1,4",,5ee5379d91c33b26aceecef7
2021-05-22 22:29:27,2021-05-22 22:37:55,0,173.18.124.25,100,507,1,2021-05-22 22:37:55,R_1EclZ9hjpYCwRX5,,,,,42.022796630859375,-91.65720367431640625,anonymous,EN,5c64795991b72e0001dffd1d,"2,4","3,4",,,,,,,,,,,,"2,4",,,"3,4","1,4","3,4",,"3,4",,,,,,,"1,4",,,"3,4",,,,,,,,,,,,,,"2,4",,"3,4",,,,"3,5",,,,,,"3,5","2,6","1,6","2,5",,,"3,5",,,,"2,5",,,,,"2,6","2,6","1,4","2,5",,,,"3,5",,,,,,,"1,6","3,4",,,,,,,,,,"3,5",,,,,,,"3,4",,,,,,"3,4",,,,,,"3,4","3,4",,"2,4",,,,,,,,"3,4",,"2,4",,,,"1,4",,"3,4",,,,,"2,4",,,,"1,4",,,,"2,4",,"1,4",,,,,,,,,,,"1,6",,"1,4",,"1,4",,5c64795991b72e0001dffd1d
2021-05-22 22:50:18,2021-05-22 22:59:08,0,107.242.113.41,100,529,1,2021-05-22 22:59:09,R_3gTaxFKsHERYYLg,,,,,35.9927978515625,-95.8152008056640625,anonymous,EN,5ee240e29b7eec2e3086c548,,,,"2,5",,,,,"3,4","3,4","3,4",,,,,,,,,,"2,4",,"3,4",,,"3,4",,,,,,,,,,,,,"2,4",,"2,4",,,,"2,4","2,4","3,4",,,,,"3,4",,,,,,,,"3,4","2,4",,,,"3,4","2,4",,,,"2,6",,"3,4",,"1,4",,,,"3,4",,,,,,,"2,5",,,,,,"3,4",,"2,4",,,,,,,,"1,4",,,,"1,4","3,4",,"3,4",,"2,4","1,4",,"2,4",,,,,,"2,4",,,,,,,"2,4",,,,"2,4","2,4",,,,,"2,4",,,,,,,,"1,4",,,,,"2,4",,,,"1,5",,,,,,,"1,4","1,5","1,4",,,,,5ee240e29b7eec2e3086c548
2021-05-22 23:27:57,2021-05-22 23:40:38,0,107.77.198.38,100,760,1,2021-05-22 23:40:38,R_1E1e76PydecAYwR,,,,,32.6587066650390625,-97.1616973876953125,anonymous,EN,5c9167d050067a00141b8097,,"3,4",,,"3,4",,"3,4",,"3,4",,"3,4",,,,,,,,,"3,4",,,,,"3,4",,"2,4",,"2,4",,,,,,,,,,,,,,,,,,"3,4",,"3,4",,,,"2,4",,"3,4","3,4",,,"2,4","2,6",,,,,"3,4",,,"3,4",,"3,6","3,4",,,,,"2,4","3,4","3,4",,,,,,,,,,,,,,"2,4",,,,,"3,4",,,,,,,,,,,,,,,,"2,4",,"3,4","3,4",,,,"3,4",,,"3,4",,,,"2,4",,,,,,"1,4",,,,,"3,4",,,,,,,"3,4","1,4",,,"2,4","1,4",,,"1,6",,"1,6","2,6",,,,,,,"1,4",,,"1,4",5c9167d050067a00141b8097
2021-05-22 23:37:51,2021-05-22 23:43:01,0,104.181.2.92,100,309,1,2021-05-22 23:43:02,R_ukKnzKjnJRHNqYV,,,,,29.877197265625,-95.6938018798828125,anonymous,EN,5e518bca0d52641c8faea779,,"2,4",,,,"2,4",,"2,4","2,4","3,4",,"2,4","3,4",,,,,,,,"3,4",,"3,4","3,4","3,4",,,,,"3,4","3,4",,,,,,,,,,,"2,4",,,"2,4",,"3,4","3,4",,,,,,,,"1,6",,"2,4",,"2,4",,,,,,,"3,4",,"3,4",,,,"3,4",,,,,,,,,,"3,4",,,,,,,,,"3,4",,,,"3,4",,"3,4",,,,"1,4",,,,,,,,,,,,,,,"3,4",,,"3,4",,,,,,,,"2,4",,,,"3,4",,,,,,"2,4",,,,,"3,4",,,"1,4",,"2,4",,,"1,5",,,,,,,"1,4",,,"1,5","1,4",,"1,4",,"1,4",5e518bca0d52641c8faea779
2021-05-22 23:43:49,2021-05-22 23:50:04,0,100.6.25.51,100,374,1,2021-05-22 23:50:04,R_1NhsUYFoagGw2QR,,,,,40.4049072265625,-79.8188018798828125,anonymous,EN,5de6766e89d6b4000f71bc0d,,,,,,,,,,,,,,,,,"3,4",,"3,4",,,"3,4",,,,,,,"3,4",,,,"3,4","3,4",,,,"3,4",,,,,,,,,,"3,4",,"3,4",,,,,,,"3,4",,,,,,,,"3,4",,,,,,,,,"1,4",,,,,"3,4","2,6",,,,"2,6",,,,,,"2,6",,,,"2,6",,,,,,"1,5",,"1,4",,,,"3,4","3,4","3,4",,,"2,4",,"3,4",,,,,,"3,4","3,4","3,4",,"3,4",,,,"3,4",,,,"3,4",,,"2,4",,,"2,4",,"3,4",,"1,4",,"3,4","1,4","3,4",,,,,,"1,6","1,6",,,,,,,,,"1,4","1,4",,,"1,4",,5de6766e89d6b4000f71bc0d
2021-05-22 23:50:09,2021-05-22 23:55:03,0,174.202.41.217,100,294,1,2021-05-22 23:55:04,R_27PWs3I9x6zENdQ,,,,,39.75360107421875,-86.1934967041015625,anonymous,EN,5c44c6ea4c194d00019cea9c,,,,,,"2,4",,,,,,,,,"3,4",,,,,,,,,,"2,4",,,"2,4",,"2,4",,,,"1,4",,,,"2,4","2,4","2,4",,,,,"2,5","2,4",,,,"2,4",,"2,4",,"2,4",,,,"2,5","3,5","2,4",,,"3,4","2,4","2,4","2,4","2,4",,,,"2,4",,,,,,,,,,,,,,,,"1,4","2,6",,"3,4",,,,"3,4","2,4",,,,"3,4",,,,,"1,4",,,,,,,,"2,4","2,4","3,4",,,,"3,4",,"2,4",,,,,,,,,,,,,,,,"2,4",,,,"2,4",,"2,4",,,"3,4",,,,,"1,4",,,"1,4",,,,,,,"1,4",,,,,,,5c44c6ea4c194d00019cea9c
2021-05-22 23:52:23,2021-05-22 23:57:23,0,24.94.250.239,100,299,1,2021-05-22 23:57:23,R_2CDIJJS1AK7P1s5,,,,,31.2200927734375,-85.46710205078125,anonymous,EN,601c4e4be774df7440390622,,,,"1,4",,,,,"2,4",,,,,"2,4",,"2,4",,,,,"3,4",,"3,4",,"3,4",,"2,4",,"3,4",,,,,,"3,4",,,,,"3,4",,,,,,,,,"2,4","3,4",,,,"2,4",,,,"3,5","2,5",,,,,,,,,,,,,,,"1,4",,,"1,4",,,"3,4",,,,,,"2,4",,,"3,4",,"3,4",,,,"3,4","2,4","3,4",,,,,,"3,4","2,4","2,4",,,"3,4",,,"3,4","3,4","2,4",,,,,,,,,,,,"2,4",,,,"3,4","2,4",,,"2,4","2,4",,,,"3,4","3,4","3,4",,,"2,4",,,,,,,"2,4",,,,,,,,,,,,,,,,,601c4e4be774df7440390622
2021-05-22 23:53:26,2021-05-23 00:01:20,0,68.228.179.10,100,474,1,2021-05-23 00:01:21,R_3s6dPLd2SGOk8K1,,,,,41.313995361328125,-81.67559814453125,anonymous,EN,5f503dfc47022a1bc112557a,,"3,4",,"2,4","3,4",,"3,4",,"3,4",,,"2,4",,"3,4",,,,"3,4",,,,"3,4",,,,,,,,,,"2,4","3,4",,,,,,"3,4","3,4",,,,,"3,5",,,,,,,,,"3,4",,,,"2,5",,,"3,4",,"3,4","3,4",,,,,,"2,5",,,,,,,,,,,"2,4","2,4","2,4",,"2,4",,,,,,,,,,,,,,,,,,"2,4",,"2,4",,"3,4",,,"3,4","2,4",,,,,,,,"3,4","3,4",,,,,,,"3,4","3,4",,,,,,"2,4",,,,,,,,"3,4",,,"2,4",,,,"2,4",,,,,"1,5",,,,"2,5",,"1,4","2,4",,"1,4",,,,5f503dfc47022a1bc112557a
2021-05-22 23:47:38,2021-05-23 00:06:16,0,172.58.141.148,100,1117,1,2021-05-23 00:06:17,R_3I5WfgHbFIhv3WG,,,,,41.8986053466796875,-87.73799896240234375,anonymous,EN,5bf190bbfb616800014fd571,,"3,4","2,4",,,,,,"3,4",,,"2,4",,"3,4",,,,,"3,4","3,4",,,,,,,"2,5",,,,,"2,4",,,,,,,,,"2,4","3,4","2,4",,,,,"3,4",,,,"3,4","3,4",,,,"3,4",,,,"3,4",,"3,4",,,"2,5",,,"2,5",,,,"2,6",,"3,5",,,,,"3,4",,,,"2,5",,,,,,"2,5",,,"3,4",,,"2,6",,,,,,,,,"2,4",,,,"1,4","3,4",,,,,"3,4",,,,"3,4",,,"3,4","3,4",,,,"2,4",,,,"3,4",,,,,,,,,,"2,4",,,,,"1,4",,,,"1,4",,,,,,,,,"1,4",,"1,4","1,6",,,,,5bf190bbfb616800014fd571
2021-05-23 00:05:24,2021-05-23 00:11:28,0,172.3.116.120,100,363,1,2021-05-23 00:11:29,R_OBR3DsCVw4nIh4B,,,,,29.918304443359375,-95.43180084228515625,anonymous,EN,5f4f187d901130169ed4f1bd,,,,,,,,,,,,,,,,,,,,"3,4",,,,,,,,"3,4",,"3,4",,"3,4",,,"3,4",,"3,4",,,,,"3,4",,,"3,4","3,4",,,,,,,,,,,,,,"2,6",,"2,6","3,4",,,,,,,"2,6","2,6",,,"1,5",,,,,,,,"2,6",,,,"2,6",,"2,6",,"2,6",,,"3,4",,"2,6",,,,,,,,,,"3,4","3,4","3,4",,,,,,,"3,4",,,"3,4","3,4","3,4",,,,"3,4",,,,"3,4","3,4",,,,,,,"3,4","3,4",,,"3,4",,,,"3,4",,,,,"3,4",,"1,4",,"2,6",,,"1,6","1,6",,,"1,6",,,,,"1,6",,,5f4f187d901130169ed4f1bd
2021-05-22 23:54:24,2021-05-23 00:13:38,0,76.164.151.41,100,1153,1,2021-05-23 00:13:38,R_2qflihjVNqJz2oU,,,,,44.231903076171875,-93.4564971923828125,anonymous,EN,5ee2a26444231e1acedfb7b6,,"2,4",,,,,"2,4",,,"2,4","2,4",,,,,,,,,,,,"3,4",,,,,,,,"3,4",,,,"3,4",,,,,,,,,,,,,,,,"2,4",,,,,,,,"1,6",,,,"3,4",,,"2,4",,"2,4",,,,,"2,4",,,"3,4",,"3,4",,,,,,"3,4","1,6",,"2,4",,,"3,4","2,4","2,5",,,,,"2,4",,,,,,,,,"3,4",,"3,4","1,4",,"2,4","3,4","3,4",,"2,4",,,,"2,4",,,,"3,4",,"2,4",,"2,4",,,,,,,,,"3,4",,,,,"1,4",,,"1,6",,,,,,,"1,5","2,6",,,,,,"1,6",,,,"1,4",,"1,4","1,4",,5ee2a26444231e1acedfb7b6
2021-05-23 00:06:36,2021-05-23 00:17:07,0,158.222.143.69,100,631,1,2021-05-23 00:17:08,R_2P7JdWyBJ8cpQjS,,,,,40.8123016357421875,-73.96820068359375,anonymous,EN,5e9b8d6577f86e0a261075a1,"3,4","3,4",,,,"2,4",,,,,,"2,4",,"2,4",,"3,4",,"2,4","3,4",,,,"3,4",,,,,,,"3,4",,"2,4",,,,,,,,,,,,"3,4",,,"3,4",,,,,,,,,,,,"2,4",,,,,,,,"3,4",,,,,,"2,4",,,,,"3,4","3,4",,,"3,4",,,,,"2,4",,,,,,,"3,4",,"3,4",,,,"3,4",,,,,"2,4","3,4",,"3,4","2,4",,,"3,4","3,4",,"3,4","3,4",,,,,"3,4",,,,,,,,,,,,,"3,4",,,,,"3,4","2,4","2,4",,,,,,,"2,4",,,"1,5",,,"1,4",,,,,,,"1,4","2,4",,,,"1,4",5e9b8d6577f86e0a261075a1
2021-05-23 00:18:36,2021-05-23 00:22:03,0,96.10.240.14,100,207,1,2021-05-23 00:22:04,R_12zlAcf6QffGxBT,,,,,35.710906982421875,-78.65940093994140625,anonymous,EN,5fa0206e9e4b5702fc8c629d,"3,4",,,"2,4",,,,,,,,,,,,,"3,4",,"3,4",,,,,,,"3,4",,,,,,"3,4",,,"3,4",,,,,"2,4","3,4",,,,"3,4",,,"3,4",,"3,4","3,4",,,,,,,,,,,,,,"3,4","3,4","3,4","3,4","3,4",,,,,,,"3,4",,"3,4",,,,,,"3,4","2,4",,,,,"3,4",,,,"3,4",,,"3,4",,,,"3,4",,,"3,4","3,4",,,,,,"2,4","3,4",,"3,4",,"3,4",,,,,,,,"3,4",,,,,,,,,,,,,,"3,4","3,4",,,,"3,4",,"2,4","2,4",,,,,,,,,,"1,6","1,5",,,"2,4",,"1,4",,,,,5fa0206e9e4b5702fc8c629d
2021-05-23 00:14:30,2021-05-23 00:22:10,0,71.86.216.39,100,459,1,2021-05-23 00:22:10,R_24NJDYbNWu8PDDi,,,,,43.1898956298828125,-89.21849822998046875,anonymous,EN,5f3c00216662949ef5596c3c,,,,,"3,4","2,4",,,,,,"2,4",,,,,,,,"3,4",,"3,4",,,,,,,,"3,4","3,4",,,"3,4",,,,"3,4",,,"3,4","2,4",,,,,"3,4","2,4",,,,"2,4",,"2,4",,"1,6",,,,,,"3,4","2,5",,,,,,"2,4",,,"3,4",,,,,,,,,,,,"3,4",,,,,"2,5",,"3,4","2,5",,,"3,5",,,,,,,,,,"2,4",,,,,,,,,,,"3,4",,,"3,4",,,"3,4","3,4",,"3,4",,,,"3,4","3,4","2,4",,,"2,4",,"3,4",,,,,,,,"2,4",,"2,4",,,,,"1,5",,,,"1,6",,,"1,4",,,,"1,4",,,,,5f3c00216662949ef5596c3c
2021-05-23 00:19:57,2021-05-23 00:26:14,0,98.33.223.148,100,377,1,2021-05-23 00:26:15,R_uh5nHEljcDobMRj,,,,,40.3495025634765625,-111.89980316162109375,anonymous,EN,5e7116866cce1602d1f52f9e,,"3,4",,,"3,4","3,4",,,,,"3,4","3,4",,,"3,4",,,,,"3,4","3,4",,,,,,,,"3,4",,"3,4",,,"3,4",,,,,,,,,,,"3,4",,,"3,4",,,,,,,"3,4","3,4",,,,,,,,,,"3,4","3,4",,,,,,,,,"3,4",,,,,"3,4",,,"3,4",,"2,4",,,,,,,,,"3,4","3,4",,"3,4","3,4",,,,"2,4",,,,,"3,4","2,4",,,"3,4",,,"3,4",,,,,,,"3,4",,,,,"3,4",,,,,,,,"3,4","3,4",,"2,4","3,4",,"3,4",,,,"3,4",,,,,,"1,4",,,,,,"1,5",,"1,4",,"1,4",,,,,,5e7116866cce1602d1f52f9e
2021-05-23 00:25:06,2021-05-23 00:30:33,0,172.58.155.148,100,327,1,2021-05-23 00:30:34,R_2CJRrdRiZVKnrsm,,,,,35.193603515625,-80.68650054931640625,anonymous,EN,5d98ac3e4b74d40016e96159,,,,,,,,,,,,,,,,,"3,4",,"3,4",,,"3,4",,"3,4",,,,,,,"3,4",,"3,4","3,4",,"3,4",,,,,,"3,4","2,4",,,,,,,,,,,"2,4",,,,"3,4",,,,,,,,"2,4",,"3,4",,"3,4",,,,"2,4",,,,,,,,"1,4",,"3,4",,,,"2,4",,,,,"3,4",,"3,4",,,,,"2,4",,"2,4","2,4","2,4",,"3,4",,,"1,4",,,,"1,4",,,"3,4",,"3,4",,,,,,,"2,4",,,,"3,4","3,4",,,"1,4","2,4",,,,,,,"2,4",,"3,4","1,4",,,"2,4",,,,,"1,4",,"1,5",,,,"1,5",,,,,,,,,5d98ac3e4b74d40016e96159
2021-05-23 00:23:34,2021-05-23 00:30:46,0,98.206.108.212,100,431,1,2021-05-23 00:30:47,R_10qR06A6iTHAJKT,,,,,41.6078033447265625,-87.75240325927734375,anonymous,EN,5fa18044d344ba28b52ff8f1,,"3,4",,"3,4",,,,,,,,,,"2,4",,"2,4","3,4","3,4",,"3,4",,,"3,4","3,4",,,,,"3,4",,"3,4",,,,,,,,,"2,4",,,,,,"3,4",,"3,4",,,"3,4",,,,,,,,,"3,4",,"2,4","3,4",,"3,4",,"3,4",,"2,4",,,,"3,4",,,,,,,"3,4",,,,"3,4",,,,,,,,,,,,"3,4",,,,,,,"2,4","2,4",,,,,"2,4",,,,"3,4",,,,,"3,4",,,,"3,4","3,4",,"2,4","3,4",,,,"3,4",,,,,,,,,,,,,,"2,4",,,,"3,4",,"1,4",,,,,,,"1,5","1,4",,"1,4",,,,,"1,4",,5fa18044d344ba28b52ff8f1
2021-05-23 00:25:55,2021-05-23 00:33:07,0,172.58.109.49,100,431,1,2021-05-23 00:33:07,R_2X05TZw2bQrj8E7,,,,,32.731903076171875,-96.90570068359375,anonymous,EN,5a4d33d40b81780001302fce,,,,,,,,,,"2,4",,,,,,,,,,,,"2,4","2,4","2,4",,,,,,,"3,4",,"2,4",,,"3,4","3,4",,,,,,,,"2,4","3,4",,,,"2,4",,,,,,,"2,4",,"2,4",,,,,,"3,4","1,4",,"2,4",,,,"2,4",,,,"2,4",,,,,"2,4",,,,,,"3,4","2,4","3,4",,,,,,,"1,5",,,,"1,4",,"2,4",,"3,4",,,"3,4",,,,,,,"2,4",,,,"3,4","2,4",,,"3,4",,,,,,"2,4",,,"3,4","2,4",,,"2,4","3,4",,,,,,"3,4",,"2,4",,,,,,,,"1,4",,"1,4",,"1,4",,,"2,4",,,,,,,,5a4d33d40b81780001302fce
2021-05-23 00:20:15,2021-05-23 00:36:40,0,68.234.208.27,100,984,1,2021-05-23 00:36:41,R_2ElXsWPC0tUow7v,,,,,40.6002044677734375,-74.1468963623046875,anonymous,EN,603866264049ae2508f33bcf,,,,,"3,4","3,4","3,4",,"3,4",,"3,4","3,4",,,"3,4","3,4",,,"3,4",,,,,,,,,"3,4",,,,,,,,,"3,4",,,,,"3,4",,,"3,4",,,,,,"3,4",,,,,"2,5","3,4","3,4",,,,,,,,,,,,,"3,4",,,,"3,4",,,,,,,,,,,"2,5",,,,,"3,4",,,,"3,5",,,,,"3,4",,"2,4","3,4",,"2,4","3,4","3,4",,,"3,4","3,4",,,"3,4",,"3,4",,,,,,,,,,"3,4","3,4","3,4",,,,,,,,,,,,,,,"3,4",,"3,4","1,4","3,4",,,,,,,,"2,6",,,,,,,"1,4",,,"1,5",,603866264049ae2508f33bcf
2021-05-24 02:44:05,2021-05-24 02:50:39,0,24.28.139.205,100,393,1,2021-05-24 02:50:40,R_DPsfOVCmR0SBrPP,,,,,29.3582000732421875,-98.4290008544921875,anonymous,EN,60a758a602f51c152b753d17,"2,4","3,4",,,,"2,4",,"2,4",,,"3,4",,,,,,,"2,4",,"2,4",,,,,"3,4","2,4",,,"2,4",,,,,"3,4",,,"3,4",,,,"3,4",,,,,"3,4",,"3,4",,"3,4","3,4","2,4",,,,"2,5",,,,,"2,4",,,,"2,4",,,,,"1,6",,,,,,,,,,,,"1,4",,"2,4",,"1,4",,,,,"3,4","1,6",,"3,4",,,,"3,4","3,4",,,,,,,,,,,,,,"2,4",,"3,4","3,4","3,4",,,,,,,,,,,,,,,,,,,"3,4",,,,,,,,,,"1,4",,,,"1,4",,,,"1,5","1,6",,,"1,4","1,4","1,4",,,,,,,60a758a602f51c152b753d17
2021-05-24 02:45:30,2021-05-24 02:53:00,0,99.8.134.165,100,450,1,2021-05-24 02:53:01,R_W7guI3VPBT1FAdj,,,,,42.9777984619140625,-87.89099884033203125,anonymous,EN,5588d393fdf99b304dd47da4,"3,4",,,,,,,,,"3,4",,"3,4",,,,,,"3,4",,,,,,,,"3,4",,,,,"3,4",,,,,"2,4",,"3,4",,,,,,,,,,,,,"3,4","2,4",,,,,"3,4",,,,"2,4",,,"3,4","3,4",,"3,4",,"3,4",,,,,,,,,,,,,,,,"2,5",,,"2,5","3,4","3,5",,,,,,,"3,4",,,"2,4","2,4","3,4","3,4",,,"3,4",,,,,"2,4",,,,,,,"3,4","3,4",,,,"3,4",,"3,4","3,4",,,,,"3,4",,,,,,,,,,"2,4","3,4","3,4",,,"2,4",,,,,,,,"1,6","1,6",,,,"1,4",,,,,"1,4",,"1,4",5588d393fdf99b304dd47da4
2021-05-24 02:47:06,2021-05-24 02:53:30,0,67.160.220.146,100,384,1,2021-05-24 02:53:31,R_2vcyLgywMrsmGgN,,,,,37.7200927734375,-121.91899871826171875,anonymous,EN,5f1dd98561978006fc1a1b64,"2,4",,,,"3,4","2,4","3,4",,,,,"3,4","3,4","2,4",,,"2,4",,,,,,,,,,,,,"3,4","3,4","2,4","3,4","3,4",,"2,4",,,,,,,"1,4",,"2,4",,,,,"2,4",,,"3,4",,,,,,,,,,,"3,4","3,4",,"3,4",,,,,,"2,6",,"3,5",,,,,,,"2,4",,,,,"2,4",,,,,,,,,,,,,,,,,,"3,4","3,4","3,4",,,,,,,,,,"3,4",,,,,"3,4",,,"3,4",,,,,,"2,4",,"1,4",,,,,"2,4",,,"2,4",,,,"3,4",,,"2,4","2,4",,,"1,4",,,,,,,"1,4","1,4",,"1,4",,,,,5f1dd98561978006fc1a1b64
2021-05-24 02:44:28,2021-05-24 02:54:28,0,70.179.59.17,100,600,1,2021-05-24 02:54:29,R_21hOZt5XA8W07kH,,,,,32.9727935791015625,-117.03790283203125,anonymous,EN,5ffa1561a618413a57c1ab4f,,,,,,,,"2,4",,,"3,4",,,,,,,,,"3,4","2,4","3,4",,,,"2,4","1,4",,,"3,4",,"1,4",,,"3,4","2,4",,"2,4",,,,"2,4",,,"2,4","3,4",,"3,4",,,"3,4","2,4","2,4","2,4","3,4",,"2,5",,,"2,4",,,,,"3,4",,,"3,4",,,"2,4",,,,,,,,"2,5","3,4",,,,,,,,,,"2,4",,"2,6",,,,,,,,,,,,,,,,,,,,"3,4",,,,,,,"2,4","2,4",,"2,4","2,4",,"2,4",,,,,"2,4",,,,"2,4",,"2,4","1,4",,,,,,,,,,,,,,,,,,,,,,"1,4",,,"1,4",,,,,5ffa1561a618413a57c1ab4f
2021-05-24 02:52:07,2021-05-24 02:56:32,0,50.90.232.174,100,265,1,2021-05-24 02:56:32,R_3dYb4vBvQUPT0CA,,,,,39.7931976318359375,-86.21320343017578125,anonymous,EN,60897a1d66afbbe1bb33a8e2,,,"3,4",,,,"3,4",,,,,,,,,,,"3,4",,,,,"3,4",,,,,"3,4",,,,,,,"3,4",,,,,"3,4","3,4","3,4","2,4","3,4","3,4",,,,,,,,"3,4",,,"3,4",,"3,4",,,,"3,4",,,"3,4",,,,,"3,4",,"3,4",,,,,,,,,"3,4",,,,"3,4","2,4",,,,,,,,,,"3,4",,"3,4","3,4",,"2,4",,,"3,4","2,4",,"3,4",,,,,,,,"3,4",,,,,"3,4",,,,"3,4","3,4",,,,"3,4",,"2,4",,,,"3,4",,"3,4",,,,,,,,"3,4",,"3,4",,,"1,4",,,,"1,6",,,,"3,5",,,,,,,,,60897a1d66afbbe1bb33a8e2
2021-05-24 02:47:37,2021-05-24 02:57:51,0,71.143.228.179,100,614,1,2021-05-24 02:57:51,R_sR0km91g4iO1auJ,,,,,25.9971923828125,-80.325897216796875,anonymous,EN,5e2a43116a126f0a33059175,,"3,4",,"2,4",,"2,4",,,,"3,4","2,4",,,,,,,"2,4","3,4","3,4",,"3,4",,,"2,4",,"3,4",,,,,,,,,,"3,4",,"1,4",,,"3,4",,,,,,"3,4","3,4",,,"2,4",,"2,4",,,,,,"2,4","3,4",,,,,,,,"2,4",,,"3,4",,,,"3,4",,,,,,"2,4",,,"1,4",,"2,4",,,,,,,,,,"3,4",,,,"1,4",,,,,,,,,,,,,,,,,"3,4",,,,,,,"3,4",,,,"3,4",,,,,,"3,4","3,4",,,,,,,"3,4",,"1,4",,,"2,4",,,,,,"1,5",,,"2,4","1,4","1,4","1,4",,"1,4",,,,,5e2a43116a126f0a33059175
2021-05-24 02:45:12,2021-05-24 02:58:50,0,173.48.170.157,100,818,1,2021-05-24 02:58:51,R_3Dh9xGrKvzijqKC,,,,,42.5511016845703125,-71.2559967041015625,anonymous,EN,609c6aeffc41d54fd91af2e8,"1,4",,,"2,4",,"2,4",,,"2,4",,,,,,,,"2,4",,"3,4","2,4",,,"3,4",,"2,4",,"2,4",,"2,4",,,,,"3,4",,,,"2,4",,"2,4","3,4","2,4",,,,,,"3,4",,,,,,,,,,,,"2,4","2,4",,,,,,,,,,,,,,,"2,4",,,,,,"2,4","2,4",,,,"2,4",,,,,"2,6",,,"3,4",,,,,"2,4","2,4",,"2,4",,,,,,,,,,,,"3,4",,"2,4","3,4",,"2,4",,,"3,4",,,,,,,"2,4",,,,"2,4",,,"1,4",,"2,4",,,,,,,"1,4",,,,,"1,6",,,,,,"1,6",,,,,,"1,4",,"1,4",,609c6aeffc41d54fd91af2e8
2021-05-24 02:49:58,2021-05-24 02:58:52,0,24.217.95.76,100,533,1,2021-05-24 02:58:52,R_3RfpKzm8S8sz3S0,,,,,38.610107421875,-90.55999755859375,anonymous,EN,5e948cd23e20462eec20d288,,"3,4",,"2,4",,,,,,,,,,,,"3,4",,,,"3,4",,"3,4",,,"2,4","2,4","3,4",,"3,4",,"3,4",,,,,,,,"2,4","2,4",,,,,,,"3,4",,,,,"2,4",,"3,4",,,"3,4",,,,"3,4","3,4",,,"3,4",,"3,4",,,,,,,,,,"2,4",,,,,,"3,4",,,,,,,"2,4","3,4",,,,,,,,"3,4","3,4",,,"2,4","3,4",,,,,"2,4",,,,,,,,,,,"3,4",,,,"3,4",,,,,,"3,4",,,,"3,4",,,"2,4",,"3,4",,,,,"2,4",,,,,,,"1,5",,,,"1,5",,,,,"1,4","2,5","1,6",,,,"1,4",5e948cd23e20462eec20d288
2021-05-24 02:55:08,2021-05-24 02:59:30,0,73.211.17.112,100,261,1,2021-05-24 02:59:30,R_URUFwYNpVzNYISt,,,,,42.2577972412109375,-89.02610015869140625,anonymous,EN,5f486e77a023e1339593cd08,"3,4",,,,"3,4","3,4",,,,,,,"3,4",,,,,"3,4",,,,,,"3,4",,,,,,,"3,4",,,,,,,"3,4",,,,"3,4",,,"3,4",,,"3,4",,,,,,"3,4",,"3,4","3,4",,"2,5",,,,,,,,,"3,4",,,,,,,,,"1,5",,,,,,,"3,4",,"3,4",,"2,5",,,"3,4",,,,,"3,4",,,,,,,"2,5","3,4","3,4",,"3,4",,,,,"3,4",,"3,4","3,4",,,,,"3,4",,,,,,,"3,4","3,4",,"3,4",,"3,4",,,"3,4",,"3,4","3,4",,,"3,4",,"3,4",,,,,,,,,,,"1,5",,"2,5",,,,,,"2,5",,,,,5f486e77a023e1339593cd08
2021-05-24 02:52:26,2021-05-24 03:00:02,0,68.63.227.130,100,456,1,2021-05-24 03:00:03,R_3pi3SVc3Js5SOeP,,,,,34.0485992431640625,-85.91719818115234375,anonymous,EN,5ecf9a2391f64f3c3574be05,"3,4",,"3,4","2,4",,,,"3,4",,,,"3,5",,,"3,4",,,"3,4",,,,,,,,"3,4",,,,,,"3,4",,,,"3,4",,,,,,,,,,"3,4","3,4",,,,,,"3,4",,,,"2,4",,"3,4","3,4","3,4","3,4","3,4","3,4",,"2,4",,"3,4",,,,"2,4",,,"3,4",,,,,,,"2,5",,"3,4",,,,,"3,4","3,4",,"3,5",,,,"1,6",,,,,"1,4",,,,,,,,,,,"3,4",,,,,"3,4",,,,,,"3,4",,"3,4",,,,,,,,,,,,,,,,,"3,4",,"2,4","3,4",,,"3,4",,,"1,5",,,,,,,,,,,"1,5",,,,"1,4",5ecf9a2391f64f3c3574be05
2021-05-24 02:56:55,2021-05-24 03:01:05,0,96.40.178.180,100,250,1,2021-05-24 03:01:06,R_3Ebr4ghgg6wM1h2,,,,,34.4994049072265625,-117.2935943603515625,anonymous,EN,5f36832727d9730463e2b3d1,,,,,,,,,,,,,,,,,,"3,4","3,4",,,,,,"3,4","3,4",,,"2,4","3,4",,,,,"3,4","3,4",,"2,4",,,"3,4",,"2,4",,,,,,"2,4","3,4",,,,,,,,"3,4",,,,,,"3,4","3,4","3,4","3,4",,,,,,,"2,4","3,4",,,"3,4",,,,"2,4",,,,,"2,4",,,,"3,4",,,"2,5",,,,,,,"2,4",,,,,"3,4","3,4",,,,"2,4",,,"3,4",,,"3,4",,,,,,,"3,4",,,,,,,"3,4",,,,"3,4",,,,,"3,4",,"3,4",,,,,,"3,4",,"2,4",,"1,4",,,,,"1,4",,,,,"1,4",,,,"1,4",5f36832727d9730463e2b3d1
2021-05-24 02:57:07,2021-05-24 03:02:04,0,174.70.62.114,100,296,1,2021-05-24 03:02:05,R_2VgT2viEk6ubEFr,,,,,41.2884063720703125,-95.99720001220703125,anonymous,EN,5ee9b0eb623285360eda1910,,,"3,4",,"3,4",,,,,"3,4",,,,,,"2,4",,,,,,,,,,,,,,,,,,"3,4","3,4",,"2,4","3,4",,,,,"2,4","2,4",,,,"3,4","3,4",,"3,4",,,"2,5",,"2,5",,,,,"3,4",,,,,,,,,,"3,4",,"2,6","1,6",,,,"3,4","3,4",,"2,4",,"3,4",,,,,"2,6",,,,"2,6",,,,,"3,4",,,"2,4","1,4","1,4",,,,,,"3,4",,"3,4",,,,,,,,,,,,,,,,,,,,"2,5",,"3,4","1,5",,,,,,"3,4",,,,"2,4",,,,,,,,"1,5",,,,,,,"1,5","1,4","1,6",,,,"1,4","1,4",,5ee9b0eb623285360eda1910
2021-05-24 02:55:09,2021-05-24 03:02:29,0,69.253.54.74,100,440,1,2021-05-24 03:02:30,R_UFsDzGdNJjt3poB,,,,,40.0417022705078125,-75.02100372314453125,anonymous,EN,5d9d3573d313e90016b925c0,"3,4",,"2,5",,,,,,,,"2,4",,,,,,"3,4",,,"3,4",,,,"3,4","1,4","2,4","3,4","2,4",,,,,,"3,4","3,4",,,,,,"3,4",,,,,,,,,,,,,,,,,,,,,,"2,4",,,,"3,4",,,"2,6","3,5",,"2,4",,"2,5",,"2,5","3,4",,,,,"2,4","3,4",,,,,,,"2,4",,"3,5",,"1,6",,,"3,4",,,"2,4",,,,,,,,,"3,4",,"3,4",,"3,4",,,,"3,4",,,,,,,,,,,,,"1,4","3,4",,,,,,,"2,4",,,,"2,4",,,"2,4","2,4",,"3,4",,,,"3,4",,,,,,,"1,5",,,,"1,4",,,5d9d3573d313e90016b925c0
2021-05-24 02:57:09,2021-05-24 03:02:48,0,76.170.199.201,100,339,1,2021-05-24 03:02:48,R_1C9lsPD1hl0NMhk,,,,,33.8159942626953125,-117.96920013427734375,anonymous,EN,60a958e8da2ceff9d125ea84,"3,4",,,,,"3,4",,,,"3,4","3,4","3,4",,,,"2,4",,,,"3,4",,,,"3,4",,,,,,,,,,,,,,,"3,4",,,,,,,,,,"3,4",,,"2,4",,,,,,,,"3,4",,,"3,4",,,,,,,,,,,"2,4",,,"2,4","3,4",,"2,4","3,4",,"2,4",,,,,,"3,4",,,,"3,4","3,4","3,4","3,4","3,4","3,4",,,,"2,4",,"2,4",,,,,,,,,"2,4",,,,,,,,"3,4",,"3,4",,"3,4",,,,,,,,"2,4","3,4",,,,,"2,4","3,4",,"3,4","3,4",,,,,,,,,,,,,,,,,,"1,4","1,4",,"1,4","1,4",,60a958e8da2ceff9d125ea84
2021-05-24 02:56:48,2021-05-24 03:02:56,0,72.73.238.34,100,367,1,2021-05-24 03:02:56,R_3L6hJpSwAOWA183,,,,,39.9152069091796875,-75.0738983154296875,anonymous,EN,5f055b6ca28292863f750383,,"3,4","3,4",,,,,,,,,,,,"3,4",,,,,,"3,4",,"2,4",,"3,4","3,4",,,,"2,4","3,4",,,,,"2,4",,,,,,"2,4",,,,,,,"3,4",,,"3,4",,"3,4",,,"3,4","2,5",,,,,,,,,,,,"2,4",,"3,4","2,5",,,,"2,4",,,,,,,"3,4",,,,,,"3,4",,,,"3,4","3,4",,,"3,4",,,,,,,,"3,4",,"3,4","2,4","3,4",,,"2,4",,,"3,4",,,,,,"3,4","2,4",,,"3,4",,"2,4",,,,"2,4",,,,,"1,4",,,,,,,"2,4",,,,,"2,4",,"1,6",,,,,"1,5",,,,,,,"1,4",,,,5f055b6ca28292863f750383
2021-05-24 02:54:12,2021-05-24 03:03:39,0,24.4.191.243,100,567,1,2021-05-24 03:03:40,R_2bOcVlWQttQEhc8,,,,,37.7220001220703125,-122.16429901123046875,anonymous,EN,5d32deeb9ce6590001010618,"3,4","3,4","3,4","2,5",,,"3,4","2,4",,,,,"3,4",,,,,,"3,4",,,,,,,,,,,,,,,,,,"3,4","3,4","2,4",,"3,4",,,,,,,"3,4","3,4",,"3,4",,,,,,,,,,"3,5",,,,,"2,5",,,,,,,,,,,,,,,,,"3,4",,"2,6",,,,,,"3,4","1,4",,,,"2,4",,,,,"1,4","2,5","2,5",,"2,4",,,"3,4",,,,,"2,4",,,,,"3,4","2,4",,,,,"3,4",,"3,4",,,"2,4",,"3,4","3,4",,,,"3,4",,,,,,,,,"2,4",,,,,"1,4",,,,,,"1,5",,,,"1,4",,,,"1,4","1,4",,5d32deeb9ce6590001010618
2021-05-24 02:49:22,2021-05-24 03:04:29,0,75.128.183.214,100,906,1,2021-05-24 03:04:29,R_1LcEZ7o0MXJVGG5,,,,,43.605499267578125,-84.77960205078125,anonymous,EN,5fa0ef2435d00916c491c6d5,,"3,4","2,4",,"3,4",,,,"3,4","2,4",,,,,,,,,"3,4",,"3,4",,,"3,4",,"3,4",,,"2,4",,,"2,4",,,,,"3,4",,,,"2,4",,,,"2,4",,,"3,4",,,"3,4","3,4",,,,,,,,,,,,"3,4","3,4",,,,,,,,,,,,,,,"3,4",,,,,,,,,"3,4",,,,,,,,,"3,4","3,4","3,4",,"1,4",,,,,,,"1,4",,,"3,4",,,,"2,4",,,,"3,4",,,"2,4",,"2,4",,"2,4","2,4",,"2,4","3,4",,,,,"2,4",,,,,,,,,,"1,4",,,,"1,4",,,,,"2,6","1,6",,,,,,,"1,4","1,4",,,5fa0ef2435d00916c491c6d5
2021-05-24 02:59:34,2021-05-24 03:04:49,0,65.130.185.79,100,314,1,2021-05-24 03:04:50,R_3BLn4YxBQoM9yjn,,,,,40.5540924072265625,-111.942901611328125,anonymous,EN,5e9b061b5eb4e3000a5ebc0b,,,,,,"2,4",,,"3,4",,"3,4",,,"2,4",,,,,,,,,,,,"3,4","2,4",,,,"3,4",,,,,"3,5","2,4","3,4","3,4",,,,,,,,,,,,,"2,4",,,"3,4",,,,"3,4","3,4","3,4",,,,,"3,4",,"3,4",,"3,5",,,,,,,,,,"3,4","2,5","3,5",,,,,"2,4",,,,,,,,,"2,6","3,4",,,,,,,"2,4",,"3,4",,"3,4","2,4",,,,,"3,4",,,,,,,"3,4",,"3,4",,"3,4",,,"3,4","3,4",,,,,,,,,,,,"3,4",,,"2,4",,,,,,,,,"1,5",,,,"1,5",,"1,4",,"1,4",,"1,4",,,,5e9b061b5eb4e3000a5ebc0b
2021-05-24 02:54:21,2021-05-24 03:08:28,0,71.184.153.224,100,846,1,2021-05-24 03:08:30,R_e4Lg2jG4ehxN4ad,,,,,42.164794921875,-71.13790130615234375,anonymous,EN,5d5254f1c04a0f0017a84df2,,,"3,4","1,4",,"2,4",,,,,"2,4",,,,,,,,,,,,,"3,4","3,4","2,4",,,,,,,,,,,,,,"2,4",,,,,,,,"3,4",,,,,,"1,4",,,,,,,"2,4","2,4",,,,,,"3,4",,,"2,4",,,,,,,,,"3,4",,"2,4","3,4",,,,,"3,4","3,4","3,4","3,4","1,4",,,,,,"2,4",,,,"1,4",,,"1,4",,"3,4",,,,,"3,4","1,4",,,,,,,"2,4",,,,,,,,,"2,4","3,4",,,,,,"3,4",,"2,4",,,,"2,4",,,,,"3,4",,"2,6",,"1,6",,,,"1,5",,,"1,5",,,,"1,4",,,"1,4","1,4",5d5254f1c04a0f0017a84df2
2021-05-24 02:58:15,2021-05-24 03:09:24,0,24.144.51.165,100,668,1,2021-05-24 03:09:24,R_2VpVnEgXPbvmzKB,,,,,35.081207275390625,-92.472198486328125,anonymous,EN,606a2cee4013a97ff297d909,,"3,4",,,"2,4","3,4","3,4","3,4","2,4",,,"2,4",,,"3,4","3,4",,,"3,4",,,"3,4","3,4",,,,"3,4",,,"3,4",,,,"3,4",,,"3,4",,,"3,4",,,,"3,4","2,4","3,4",,,"3,4","3,4","3,4",,,,,,,,,,,"3,4",,,"3,4","2,4",,,,,,,,,"3,4",,,,,,"3,4",,,,,,,,,,,,"3,4",,,,,,,,,,,,"1,4",,,"3,4",,,"2,4",,,,,,,,,,,,"3,4",,,,,"3,4",,,,,,"2,4","3,4",,,,,,,,,,,,"2,4",,,,,,,,"1,4","1,6","1,4",,"1,4",,,,,,"1,4",,606a2cee4013a97ff297d909
2021-05-24 03:04:37,2021-05-24 03:09:55,0,73.93.118.110,100,317,1,2021-05-24 03:09:55,R_29jkNxx75TisKtD,,,,,37.6864013671875,-121.7653961181640625,anonymous,EN,5f025a4eb69f9e3ece18457c,,,,,"3,4",,,,,"3,4",,"3,4","3,4",,,"3,4",,,,,,"3,4",,,,,,,"3,4",,,,"3,4",,,,,,,"3,4",,"3,4",,"3,4",,"3,4",,,,,"3,4",,"3,4","3,4",,,,,,,,"3,4",,"3,4",,,,,"3,4",,,,"3,4",,,"3,4",,"3,4",,,"3,4","3,4",,,,,,,,,,"3,4",,"3,5","3,4","3,4",,,"3,4",,,,,,,,,,,"2,4","2,4","3,4",,"3,4",,,,,,"3,4",,,,,"3,4",,,"3,4",,,,"3,4","1,4",,,,"1,4","3,4",,"3,4","1,4",,,,,,,,,,,,,,"2,5",,,,,,,,,,,,5f025a4eb69f9e3ece18457c
2021-05-24 03:03:38,2021-05-24 03:10:59,0,67.169.247.156,100,440,1,2021-05-24 03:10:59,R_Df786HtpkZVVPcl,,,,,41.1696014404296875,-111.9817962646484375,anonymous,EN,5f3230ffed56090323024fed,,"3,4",,,,,,"3,4",,,,,,,,,,,"3,4",,"3,4","3,4",,,,"3,4",,,,"3,4",,"3,4",,"3,4",,,"3,4",,,,,"3,4",,"3,4",,"3,4","3,4",,,,,,,,,"3,5",,"2,4",,,,,"3,4",,,,,,,"3,4","3,4","3,4",,,"3,4","2,4","2,5",,,,,,,,,"2,5",,"2,5","3,4",,,,,,,,,,,,,,"2,4",,"2,4",,,,"1,4",,,"3,4","2,4","3,4",,,,"3,4",,,,,,"3,4","3,4",,,,,,,,,,"3,4",,,,,,"2,4","3,4",,,,,,"3,4",,,,,,"1,4",,"1,4",,,,,,,,,"1,4",,5f3230ffed56090323024fed
2021-05-24 03:06:13,2021-05-24 03:12:50,0,136.49.50.30,100,396,1,2021-05-24 03:12:51,R_3NyN16J4nLJPTVH,,,,,30.3074951171875,-97.7270965576171875,anonymous,EN,5f41ff3b22717b3c81994807,,,,,,,"2,4",,"2,4",,,,,,,"1,4",,"2,4",,,,,,,,"3,4",,,,,"3,4",,,,"3,4",,,"2,4",,,,,,,,,,,,,,"2,4",,,,,,"2,6",,,,,"3,4",,"3,4",,,,,,,,,,"3,4","2,4","2,6",,,,"2,6",,,"3,4","2,6",,,,,,,,"3,4",,,,,"3,4",,,"1,4",,,,,,,,,"3,4",,"3,4","3,4",,,,,,,,,"3,4","2,4",,"2,4","3,4","2,4",,"3,4",,"2,4",,,,,"3,4","2,4",,,"2,4",,"3,4","2,4",,,"1,4","2,4",,,,,"1,6",,,,,,"1,4",,,,,"1,4",,,"1,4",5f41ff3b22717b3c81994807
2021-05-24 03:00:36,2021-05-24 03:14:04,0,24.12.188.15,100,808,1,2021-05-24 03:14:05,R_UfGsOjhzwwgk4Lv,,,,,42.05499267578125,-87.695098876953125,anonymous,EN,5eb0acdfbd00da1600441cdf,,,,,"3,4",,,,,"3,4","1,4",,,,,"2,4",,,,,"3,4",,,,"3,4",,,,"1,4","3,4",,,,,,,,,,,,,,"2,4",,,,,,,,"3,4",,,"3,4",,,"2,6","3,4",,,,"3,4","3,4",,,,,,"2,4",,,,,"3,4",,"1,4",,"3,4","3,4",,"3,4",,"3,4","3,4",,,,"3,4","3,4","2,4",,"3,4",,,,,,,,,,"1,4",,,,"2,4","3,4",,,"2,4",,"3,4",,,,,,"3,4",,"3,4",,,,,,"1,4","2,4",,,,,,,,,"1,4",,,,,,"1,4","1,4","3,4",,,,,,,,,,,,,,,,"1,4",,,"1,4",,,5eb0acdfbd00da1600441cdf
2021-05-24 03:10:07,2021-05-24 03:18:27,0,24.145.43.57,100,500,1,2021-05-24 03:18:28,R_1EbatXJYakRsoHu,,,,,33.5077056884765625,-81.6876983642578125,anonymous,EN,6061fff2c21e787791b1d052,,,,,,,,,,,,"2,4",,,,,,,,,"3,4","3,4",,,,"3,4",,,,,,,"3,4",,,,,"3,4",,,,,,,,,,,,,,"3,4",,,,,,,,,"3,4",,,,,"2,4",,,,"2,5","3,4",,,,"2,6",,,,,,,,,,"1,5",,,,,"3,4",,,"3,4",,,,"3,4",,"3,4","2,4",,,,,"1,5",,,,,,,,,,"3,4","3,4","3,4",,,,"3,4",,"3,4","3,4","3,4","3,4",,"3,4","3,4","3,4",,,,,,"3,4","2,4",,,"3,4","2,4",,,,"3,4",,,,"1,4",,"1,6",,,,,,,,"1,4","1,4","1,6","1,4","1,4",,,,6061fff2c21e787791b1d052
2021-05-24 03:07:38,2021-05-24 03:20:21,0,70.115.250.137,100,763,1,2021-05-24 03:20:22,R_u93JCSEBBuBAdFv,,,,,32.753692626953125,-96.836700439453125,anonymous,EN,5e3afde82f2188000aa8e7c9,,,"3,4","1,4","3,4",,,,,,,"2,4",,"2,4",,,"3,4",,,,,,,,,,,"2,4","3,4","3,4",,,,,"3,4",,,,,,,"3,4","1,4",,"3,4",,,,,,,"3,4","2,4",,,,"3,4",,"3,4",,,,,"3,4",,"3,4",,"2,4",,,"3,4",,,,,,,"3,4",,,"3,4","2,4","2,4",,,,,,"3,4",,,,"3,4",,,,,,"3,4",,,"2,4",,,,,,"3,4",,,"3,4",,"2,4",,,,,"3,4",,,,,,"3,4",,,,,,"2,4","2,4","3,4",,,,,,,,,"3,4",,,,,"1,4",,,,,,,"1,5",,,,,,,,,"1,4",,"1,4",,,5e3afde82f2188000aa8e7c9
2021-05-24 03:10:37,2021-05-24 03:20:59,0,96.250.202.191,100,622,1,2021-05-24 03:21:00,R_2uvOa8fVgYgv892,,,,,40.6981048583984375,-73.704498291015625,anonymous,EN,60a259be3ae8461defa46c1b,,,,,,"3,4",,,,,,,,"3,4",,,"3,4","3,4",,,,,,,,"3,4","3,4",,,,,,,"3,4",,"3,4",,,,,,,,"3,4",,,"3,4",,,"3,4",,,,,,,,,,,,,,"3,4","3,4",,,,,,,,,,,"3,4",,,,"3,4","3,4",,,"3,4",,"2,4",,,,,,,,,,"3,4",,"3,4","3,4","2,4",,"1,4",,,,,,"3,4","1,4",,,"2,4","3,4",,"3,4","3,4","3,4",,"3,4","3,4",,,,,,,"3,4",,,,,,,,,,,,"3,4",,,,"3,4",,,,,"2,4",,,"1,5","1,4",,,,,,,"1,4",,"2,4",,,,"2,4","1,4",60a259be3ae8461defa46c1b
2021-05-24 03:17:04,2021-05-24 03:21:17,0,76.88.185.40,100,253,1,2021-05-24 03:21:17,R_1mldu9GmjgOoerr,,,,,22.220794677734375,-159.48370361328125,anonymous,EN,60542af4505fbaa55eb78bda,,,,,,"3,4",,,"3,4",,,,,"2,4","3,4",,,,,,,,"3,4",,,,,,,,,,,"3,4",,"3,4",,,"3,4",,,,,,,,"3,4",,"3,4",,,,,"2,4",,,,,"3,4","2,5",,,,,,,,,,,,,,,"3,4",,,,"2,4",,,,"3,4","3,4",,,,"2,4",,,,,"3,4","3,4","2,6",,"3,4",,,,,,,"2,4",,"3,4",,,"2,4",,,,"3,4",,,"3,4",,"3,4","3,4",,"3,4",,"3,4",,"3,4",,,,,"3,4",,,,,,"3,4",,,,"3,4",,,,"2,4",,"2,4",,,,,,"1,4","2,4",,,,,,,,,"1,4","1,4",,,"2,4",60542af4505fbaa55eb78bda
2021-05-24 03:11:27,2021-05-24 03:21:23,0,173.3.132.112,100,596,1,2021-05-24 03:21:24,R_21oLuR785BnA1kF,,,,,40.709503173828125,-73.296600341796875,anonymous,EN,60a2e5af7d1571d9eb4fcef4,"1,4",,,"1,4",,,,,,,,,,,,,"2,4",,,,,"3,4",,,,,,"2,4",,,,"2,4",,,"3,4",,,,"1,4",,,"1,4",,,"1,4",,,,,"3,4","3,4",,,,,,"3,4",,"2,4",,"2,4",,,,"2,4",,"2,4",,"2,6",,,"1,6",,"2,4","2,6",,,,"3,4",,,,,,,,,,"3,4",,,,,,,,,,,,"1,4",,,,"1,4","3,4","2,4","3,4",,,,,"2,4",,,,,,,"3,4","2,4",,,"3,4",,,,"2,4",,,,,,,,,"2,4","3,4",,,,"2,4",,"2,4",,,"2,4",,"1,4",,,,,,,,,,,"1,4",,"1,4",,,,"1,4",60a2e5af7d1571d9eb4fcef4
2021-05-24 03:17:00,2021-05-24 03:23:26,0,76.237.99.18,100,385,1,2021-05-24 03:23:26,R_RmhLXK3lSKPlXEd,,,,,37.528106689453125,-121.97320556640625,anonymous,EN,5ecc287c243b3440a69a7dcf,,"3,4",,,,,"3,4",,,,,,,,"3,4",,,,"3,4",,,"3,4",,"3,4",,"3,4",,,,,,,"3,4","3,4",,,,,,"3,4","3,4","3,4",,,,,,,,"3,4",,,,,,,"3,4",,,,,,,,"3,4",,,,,"3,4",,"3,4",,"2,4",,,"3,4",,,"3,4","3,4","3,4","3,4","3,4",,,,"1,4",,"3,4",,,"3,4",,,"3,4",,,,,,,,"3,4",,,,,"3,4",,,"3,4","3,4",,"3,4",,,,,,,,,,"3,4","3,4",,"3,4",,"3,4",,,,,"3,4","3,4",,,,,,,,,,,,,"1,4",,,,,,,,,,"1,4",,"1,4",,,,,,5ecc287c243b3440a69a7dcf
2021-05-24 03:20:15,2021-05-24 03:24:37,0,24.218.100.231,100,261,1,2021-05-24 03:24:37,R_3iEwvj1XJVS6raQ,,,,,42.077392578125,-71.0446014404296875,anonymous,EN,5e470b9563f714033f4b7a7f,"3,4",,"3,4",,,,,,"3,4",,,,,"2,4",,"2,5","3,4",,,,,,,,,"3,5",,,"3,4",,,,"3,4",,"3,4",,"3,4","3,4",,,,,,,,"3,4",,"3,4","3,4","3,4",,,,,,,,,,,"3,5",,"3,4",,,"3,5",,,,"3,5",,"3,5",,,"2,6",,,,"3,4",,,"2,5",,,"3,4","2,5",,,,,,,,,,"3,6",,,,,,"2,4",,"2,4",,,,,,,"2,4",,,"3,4",,,,,"3,4","3,4",,,"3,4",,,,,,,,,,"1,4",,,,,"3,4",,,,,,,,,,,"1,4",,,"1,5",,,"1,6",,,,,,"1,5","1,4",,"1,4",,,5e470b9563f714033f4b7a7f
2021-05-24 03:15:23,2021-05-24 03:25:35,0,172.58.157.70,100,611,1,2021-05-24 03:25:36,R_3j7r09jKD0E2Lbl,,,,,35.2227020263671875,-80.79380035400390625,anonymous,EN,5c85b40524efd80015b93de2,,,"2,4",,"3,4",,"2,4","3,4",,,,,,,,"2,4",,"2,4",,,,"3,4","2,4",,,,"2,4",,,,,"2,4",,,,,,,"3,4",,,,"1,4",,,,,,"2,4","3,4",,,"2,4",,,,"3,4",,,,,,,,,,,,"2,5",,,,,"1,4","3,4","2,4","1,4",,,,,,,,"2,5",,,,,"3,4","1,4",,,"2,5",,"3,5",,,,,,,,,"1,4",,"2,4","3,4","1,4",,,"2,4","2,4",,,,,,,,,,,,,,,,,,"3,4",,,,"2,4","3,4","2,4",,,"3,4",,"3,4",,,,,,,,,"1,4",,"1,4",,,,"1,5",,,,,"1,4",,,,,5c85b40524efd80015b93de2
2021-05-24 03:06:39,2021-05-24 03:25:50,0,69.115.83.209,100,1151,1,2021-05-24 03:25:51,R_A5210YmJgLYWBhL,,,,,40.5175018310546875,-74.39910125732421875,anonymous,EN,5bef84ed4cdbdf000196a3f7,,,,,,,,,"3,4",,,,,,,,"3,4",,,,,,"2,4","3,4","3,4",,,"3,4",,,,,,,"3,4",,,,"1,4",,,"3,4",,"3,4",,"3,4",,,,,,,"3,5",,,,"3,5",,"3,5",,,"3,4","3,5","3,4",,,,,"3,5",,,,,,,,,,,"2,4",,,"3,4",,"3,6","3,5",,,,"3,4",,,,,,"3,5",,"3,5",,,"1,4","2,4","2,4",,,,,,,,"3,4",,,,,,,,,,"3,4",,"3,4","3,4",,,,,,,,,"2,4",,,,,,,,,"3,4","2,4",,"2,4","1,4",,"3,4","2,4",,,,,,"1,4",,,"1,4","1,5",,,,,,,,5bef84ed4cdbdf000196a3f7
2021-05-24 03:16:48,2021-05-24 03:25:58,0,98.167.218.121,100,550,1,2021-05-24 03:25:59,R_9ZujRpQXu5FrsZz,,,,,33.627593994140625,-112.0511016845703125,anonymous,EN,5ea894742b0def30e41aa60d,,,,,,,"2,4",,,,,,,"1,4","3,4",,,"1,4",,"3,4",,,,,"2,4",,,,,,,,,,,,,,"3,4",,,,,"2,4",,"3,4",,,,"2,4","3,4",,,,,,,"2,5",,,,"3,4","2,4",,,"2,4",,,,,"3,4","3,4",,,,,,,"3,4",,"3,4",,,"2,4",,,"2,4",,,"3,4","2,4",,"2,4",,,,"3,4","3,4","3,4","1,4",,"1,4",,,"1,4","3,4",,,,,,,,"3,4",,,,,,,,,"2,4","3,4",,,,,,,,,"1,4",,"2,4",,,,,,,,,,,,"2,4","1,4","1,4",,,,,,,,,,"1,4",,,,,"1,4",,"1,4",5ea894742b0def30e41aa60d
2021-05-24 03:23:03,2021-05-24 03:27:14,0,76.17.204.103,100,250,1,2021-05-24 03:27:14,R_3R31ilva0m4l9Qe,,,,,45.0196075439453125,-93.24019622802734375,anonymous,EN,5e51a47589d7ad1d0611e450,,"3,4","3,4",,,,,,"3,4",,,"3,4",,"2,4",,,,,,,,,,,,,"2,4",,,,,"3,4",,,,,,,"2,5","2,4",,"3,4",,,,,,,"3,4",,,,"3,4",,,,,"2,5",,,,,,,,,,,"3,4",,"3,5",,,,,,,"3,4",,,,,,"3,4",,,,,,"3,4","3,4","2,5",,,,"3,5","3,4",,"3,4","2,5","1,4",,,,,,,,,,,,,,"2,4",,"2,4",,,,,"3,4",,,"3,4","3,4","2,4",,,,,,,,"3,4",,"1,4",,,,"2,4",,"3,4",,"2,4",,,,,"1,4","1,5",,,,,"2,5",,,,"1,4","2,6",,,"1,4",,,5e51a47589d7ad1d0611e450
2021-05-24 03:20:40,2021-05-24 03:27:28,0,71.80.180.175,100,408,1,2021-05-24 03:27:29,R_3dQyd5AO5Am6Knm,,,,,34.0110015869140625,-118.114501953125,anonymous,EN,60a7df6d02edea24a8c0e889,,"3,4",,,,,"2,4",,,"3,4",,,,,,,,,,,,,,,,"2,4",,,,,,"3,4","3,4",,,,,,,,,"2,4",,"3,4","2,4","2,4",,,,,,"3,4",,,,,"3,4","2,5",,"3,4","3,4",,"3,4","3,4",,"3,4",,"3,4",,,,,,,,,,,,,,,,,,,,,,"3,4",,"1,6","2,5",,"2,4",,,,,,"1,4","2,4",,"2,4",,"3,4",,,,"2,4",,,,,,,,,,,"3,4",,,,,,,"3,4",,,,,"2,4",,"3,4",,,"3,4",,"2,4",,,,"1,4","3,4",,"1,4",,,"2,4",,,,"1,5",,"2,5","1,4",,,,,,"1,4",,,,60a7df6d02edea24a8c0e889
2021-05-24 03:19:17,2021-05-24 03:31:59,0,154.28.191.90,100,762,1,2021-05-24 03:32:00,R_b3JPLqXiRSlEU01,,,,,34.0543975830078125,-118.2440032958984375,anonymous,EN,60a8b181fdae9352b3de9e12,"1,4","2,4",,,,"2,4","3,4",,,,"2,4",,,,,,,,,"2,4","3,4",,,"2,4","3,4",,"2,4",,"2,4","2,4",,,"3,4",,"3,4",,,"2,4",,,,,,,,,,,,,,"2,4",,,,,,"2,5",,,,,,"2,4",,,"2,5","2,4","3,4",,,,,,,,,,,,"2,4",,,"2,4",,,,,,,"2,4",,,,,"2,5",,"3,4","3,4",,,,,,,,,,,,,,,,,"2,4",,"2,4",,,"3,4",,,,"2,4",,,,,"3,4","2,4",,"2,4",,"2,4",,,,,,,,,,"2,4",,,"3,4",,,,,,,,,,,"2,4",,,"1,5","1,4","1,5","1,4",,60a8b181fdae9352b3de9e12
2021-05-24 03:18:15,2021-05-24 03:33:45,0,98.212.25.10,100,929,1,2021-05-24 03:33:45,R_4GcN8oNYOo6T05j,,,,,41.5635986328125,-88.2156982421875,anonymous,EN,5d784a0c2f037f001a637148,"3,4",,,,,,"3,4",,"3,4","3,4",,,,,,,,"3,4",,"3,4",,"3,4",,,,"3,4",,,,,"3,4",,,,,,,,,"1,4","3,4",,,,,"3,4","3,4",,,,,"3,4",,,,"2,5",,"2,4",,,,,,,,"3,4",,,,,,"3,4",,,,,,,"3,5","3,4","2,4","1,4",,,,"1,5",,,"2,5",,,,,,,,,,,"1,5",,,,,"2,4",,,,,,,,"2,4",,,"2,4",,"2,4",,,,"3,4",,"3,4",,,,,,,,"3,4","1,4",,,,,"2,4","3,4",,"2,4",,,,,"2,4","2,4",,,"2,4",,,,,,,"1,5",,"1,5",,,,,,"1,5",,5d784a0c2f037f001a637148
2021-05-24 03:22:06,2021-05-24 03:34:27,0,172.112.215.228,100,741,1,2021-05-24 03:34:28,R_3kMOFu1l1QjqIhQ,,,,,33.72149658203125,-118.0509033203125,anonymous,EN,604544a8c7cb5466fe745327,,,,,,,"3,4",,,,,,"3,4","2,4",,"1,4",,,,,,,,,,"3,4","2,4","3,4",,,,,,,,"2,4",,,,"2,4",,"3,4",,,,,"3,4",,,"3,4",,,,,,,"3,4",,,,"3,5","3,4",,,,,,,,"1,6",,,"2,4",,,,,,,,,"2,4",,,"2,5",,,,,,,"3,4","3,4",,,"3,4","3,4",,"3,4",,,,,,,,,,,,,,,,,,,,,,,"3,4",,"3,4",,,"3,4","2,4",,"3,4","3,4",,"2,4",,,,,,"3,4","3,4","2,4",,,,,"1,4","2,4","3,4",,,,,"1,6",,,,"1,6",,,"2,4",,,,"2,5",,"2,4",604544a8c7cb5466fe745327
2021-05-24 03:12:11,2021-05-24 03:42:46,0,137.119.2.118,100,1834,1,2021-05-24 03:42:47,R_1j9S6MQejcKF0Q1,,,,,31.94140625,-89.2339019775390625,anonymous,EN,60884eaba5fb52353c7a0043,"2,4",,,,,,,"3,4",,,,,,"2,4","3,4",,,"3,4",,,,,,,,"3,4",,,,"3,4",,,,"3,4",,,,,,"2,4",,"3,4","3,4",,,,"3,4",,"3,4",,"3,4",,,"3,4",,"2,5",,,,,,,"3,4","3,4",,,,,,,,,,,"3,4",,,,,,,,,,,"2,5",,,,"3,4",,,,"2,4",,,,,"3,4",,,,"2,4",,,"3,4",,,,,,"3,4","2,4","3,4",,,,,,"3,4",,"3,4",,"3,4",,,"3,4",,,,,,"1,4",,"3,4",,,"2,4",,,,,"3,4","2,4",,"2,4",,,,,,,,,,"1,4",,,"1,4",,,"1,4",,"1,4",,,60884eaba5fb52353c7a0043
2021-05-24 03:45:18,2021-05-24 03:52:42,0,23.240.59.14,100,443,1,2021-05-24 03:52:42,R_1JJxQbxfKhiDSw9,,,,,33.8058929443359375,-117.3466033935546875,anonymous,EN,604c642413cb462c03748513,"3,4",,,,,,"3,4",,,,,,,"2,4",,"2,4",,,"3,4",,,"3,4","3,4",,,"2,5","3,4",,"3,4","3,4",,,"3,4",,,,,,,,,"3,4",,,,,,,,,,,,"3,4",,,"3,5",,,,,,,"3,4",,,,,"2,4",,,,,,,"3,4","3,4",,,,"3,4","3,4","3,4","3,4",,,"3,4",,,,"3,4",,,"3,4",,"3,4",,"3,4","3,4","3,4",,,,,,"3,4",,"3,4",,,"3,4",,"3,4",,,,"3,4",,,,,,,,,,,,,,,,"3,4",,"3,4","3,4",,,,"3,4",,,,,"3,4",,,,,,,,,,,,,,,,,,,"3,4",,"3,5",604c642413cb462c03748513
2021-05-24 04:17:12,2021-05-24 04:21:38,0,67.11.254.196,100,266,1,2021-05-24 04:21:39,R_RIgDfYVruk51EBj,,,,,29.461395263671875,-98.74680328369140625,anonymous,EN,5e52e8aef5526a2ff032b0c4,,,,"2,5",,,,,,,,,,,"3,4",,,"3,4",,,,,,,,,"3,4",,,,"3,4",,,,,,"3,4","3,4",,,"3,4",,,"3,4",,,"3,4",,,"3,4",,"3,4",,,,"1,6",,,"1,4",,"3,5",,,,,,,,"3,5",,"3,5",,,,"1,4",,,,,,,,,,"3,5","1,6","3,4",,,,,,,,,"3,4","3,4",,"3,4",,,"3,4",,,,,"3,4",,"1,4",,,,,"2,4","3,4",,,"3,4","3,5","3,4",,,,,,,,,,,,,"1,4",,"3,4",,,,,,,,"2,4","1,4","3,5",,,"3,4",,,,"1,5",,,,,,,,"1,4",,"1,4",,,,"1,4",5e52e8aef5526a2ff032b0c4
2021-05-24 02:45:04,2021-05-24 11:09:40,0,98.27.231.48,100,30275,1,2021-05-24 11:09:41,R_2uOqOI2g4jo0oc9,,,,,41.4459075927734375,-81.42120361328125,anonymous,EN,5eab0fdbb02b960bc3c7734e,,,"3,4",,,,,,,,,,,,,,,,,"3,4","3,4",,,"3,4",,,,,,"3,4",,,,,,,"3,4",,,,,,"2,4","3,4",,"3,4",,,,,,,"3,4",,,"3,4",,"2,6",,"3,4",,,,"3,4","3,4","3,4",,,"2,5",,,,,,"3,4",,,"3,4",,"3,4",,,"3,4",,,,,,,,,"2,6",,,,,"3,4",,,,,,,,,,,,,"3,4",,"2,4",,,,"3,4",,,"3,4",,"3,4",,"3,4",,,,,,,,,,"1,4",,"3,4",,,,,,,,"3,4","2,4",,"1,4","2,4",,,"1,4","1,4",,,,"2,6","1,6","1,5","1,4",,,"1,4",,,,,,5eab0fdbb02b960bc3c7734e
2021-05-24 17:18:43,2021-05-24 17:24:04,0,67.180.161.102,100,321,1,2021-05-24 17:24:05,R_2R2gQy9BCzkKHvt,,,,,36.968902587890625,-121.99029541015625,anonymous,EN,5e69ce2076c4680330657fd6,,"3,4",,,"2,4","3,4",,,,,,,,,,,,,,"3,4",,,,,,,,,,"3,4",,"3,4","3,4",,,,"3,4",,,,,,,"2,4",,"3,4","3,4",,"3,4",,,,,,,"1,6",,,,,,"3,4",,,"3,4",,,"3,4",,,"2,6",,,,,,,,,,,,,,"2,4",,,,,,"2,4",,,,"3,5",,,"2,6",,,,"1,4","1,4",,,,"3,4",,,,"2,4",,,,,"3,4",,,,"2,4",,,"3,4",,,,"2,4",,,,,,"1,4",,,,"1,4",,"2,4",,,,,"2,4",,,,,,"1,4",,,,"2,6","1,6",,,"2,4",,"1,4","1,4","1,4","1,4",,,"2,4",5e69ce2076c4680330657fd6
2021-05-24 17:19:13,2021-05-24 17:25:53,0,71.220.141.213,100,399,1,2021-05-24 17:25:53,R_3O8JajtvFAbNPkH,,,,,30.5402069091796875,-84.14459991455078125,anonymous,EN,60a62be8b05e850a2a608d02,,"3,4","3,4",,"3,4",,"3,4",,,"3,4",,,"3,4",,,,,"2,4",,,,"3,4",,,,,,,,"3,4",,"3,4",,,,,"3,4",,,,,,,,,,"3,4",,,,,,"3,4",,,"2,6",,,,,,,"3,4","3,4",,,,"3,4",,,,"3,4",,,,,,,,,,,"3,4","3,4","3,5",,,"2,4","3,4",,"3,4",,,,,,,"3,4",,"2,6",,"3,4",,,"2,4",,"3,4",,,,,"3,4",,,,,,,"3,4",,,,,"3,4",,"3,4","3,4",,"3,4","3,4",,,"1,4","3,4",,,,"3,4",,,,,,,,,,,,,,,,,,"1,6",,,,,"1,4",,,"1,4",,,60a62be8b05e850a2a608d02
2021-05-24 17:21:09,2021-05-24 17:26:23,0,107.207.89.33,100,314,1,2021-05-24 17:26:24,R_2UXi7OWn2qc4eF4,,,,,32.975799560546875,-80.18689727783203125,anonymous,EN,5ebb046b569ac10bafd80daf,,,,"3,4",,,,"3,4","3,4",,,,,"2,4",,,"3,4",,,,"3,4",,"3,4","3,4",,,,,"3,4",,"3,4",,,,,,,,,,"3,4",,,,,,,,"3,4","3,4",,,,,,,,"2,5",,,,,,"3,4",,,"3,4","2,4",,,,"2,5",,,"3,4",,,,"3,4",,,"2,4",,,,,,"2,4",,"3,4","3,4",,,"2,4",,"3,4",,,"3,4",,"2,4","2,4",,,"2,4",,,,"2,4",,"3,4",,,,,,,,,,,"3,4",,,,,"3,4",,,,"2,4",,,"3,4",,,,,,,,,,"3,4",,,,,,,,,,"3,4",,,,,"2,4","3,4",,"1,4",,"2,4",,,5ebb046b569ac10bafd80daf
2021-05-24 17:21:14,2021-05-24 17:26:31,0,24.218.110.80,100,316,1,2021-05-24 17:26:32,R_5BJRpAIzq3QAZrP,,,,,42.34979248046875,-71.07649993896484375,anonymous,EN,5ff611fd4279391369d09e51,,"2,4",,,,,,,"1,4",,,,"2,4",,,,,"1,4",,,,"2,4",,,,,,,,"2,4",,,,,,,"2,4","2,4",,"1,4",,,,"1,4",,,"3,4",,,,,,,,"1,4","3,4","3,4",,,,"2,4","3,4",,"2,4","2,4",,,,,,,,"2,4",,,,,,"3,4","2,4",,,"1,4",,,,,,,,,,,,"3,4",,,"3,4",,,,,"2,4",,,,"2,4",,,,,,"2,4",,,,,"2,4",,,"3,4","2,4",,,"1,4","2,4",,"1,4",,,,,,,"2,4",,"1,4","1,4",,,,,,,,,,"1,4","2,4",,,,,"1,4",,"1,4",,"1,4",,,,,,,,"1,4",5ff611fd4279391369d09e51
2021-05-24 17:22:25,2021-05-24 17:27:41,0,24.27.40.94,100,315,1,2021-05-24 17:27:42,R_2cc76fac84riv2j,,,,,30.5153961181640625,-97.6688995361328125,anonymous,EN,5c2d6b2389a40e0001f61840,"2,4",,,,,"2,4",,"2,4","3,4",,,,,,"3,4",,,,,,,,,,,,,,"3,4",,,,,,,,,,,,"3,4","2,4",,,,"3,4",,"3,4","3,4","2,4",,,,,,"2,6",,"2,6",,,,,,,"2,4",,,,"2,6","2,6","3,4",,,,,,,,,,,"2,4",,,,"3,6",,,"3,4","3,4","2,4","2,6",,,,,,,,"3,4",,,"3,4",,,,,,,,,,"3,4","3,4",,,,"2,4",,,"3,4",,"3,4",,"3,4",,,,,,"3,4",,,"2,4",,"3,4",,,,,,"3,4",,,,,,,,,,,"1,6",,"3,5","1,6",,,,"2,4","1,4","1,4",,,,,5c2d6b2389a40e0001f61840
2021-05-24 17:19:44,2021-05-24 17:27:43,0,100.37.22.202,100,478,1,2021-05-24 17:27:44,R_2fqzuH6gPob2wcZ,,,,,40.550201416015625,-74.14749908447265625,anonymous,EN,609e46e5cb0af2f5cbe1571c,,,,"2,4",,,"3,4",,"3,4",,,"3,4",,"3,4",,,,"3,4","3,4",,,,,,,,"3,4",,,,,,,,,,,,"2,4",,,,,,,,,,,,,"2,4","3,4",,,,,,,"3,4",,,"2,4",,"3,4",,,"3,4","2,5",,,,,,,,,,"2,4",,,,,,"2,4",,,,,"3,4",,,"3,4",,,,"2,5",,,"3,4","1,4",,"3,4",,,,,,,,"3,4",,"3,4","3,4",,,"3,4",,,,,"3,4","3,4","3,4",,"3,4",,,,,,,,"2,4",,,,,,,,,,,,"2,4",,"3,4",,,"2,6",,"1,4",,"2,5",,"2,5","2,6",,,,"1,4",,,,"1,4",609e46e5cb0af2f5cbe1571c
2021-05-24 17:22:25,2021-05-24 17:30:02,0,72.194.5.116,100,457,1,2021-05-24 17:30:03,R_qXE9vx42Yh8Ffxv,,,,,34.4398040771484375,-119.73149871826171875,anonymous,EN,5dcb24a0f3795b7f9c72b6ec,"3,4",,,,,,,,,"3,4",,"3,4",,"2,4",,,"3,4",,,,,,"3,4","3,4","3,4",,,,"2,4",,,,,,,,,,"3,4","3,4",,,"2,4",,,"3,4",,,"3,4",,,"3,4",,,,,"3,4","2,5","3,4",,"2,4",,"3,4","3,4",,,,,,,,,,,,,,,"3,5","3,5",,"3,4",,,"3,5",,"2,4",,,"3,5",,,,,,"3,5",,,,,,,,"3,4",,,,,"2,4",,"2,4","3,4",,,"3,4","3,4","3,4","3,4",,,,,,,"2,4",,"3,4",,,,,,,,"3,4",,,,,,,"2,4",,,,,,,,"1,4",,,,,,,,,"2,5",,,,,,,,5dcb24a0f3795b7f9c72b6ec
2021-05-24 17:23:33,2021-05-24 17:30:07,0,100.11.218.198,100,393,1,2021-05-24 17:30:08,R_0cuHU2jBww5TRDj,,,,,40.0171966552734375,-75.0883026123046875,anonymous,EN,5e311dd7a390be11ebfc23c3,,,,,"3,4","3,4","2,4",,,"3,4","3,4","3,4",,,,,,,,,"3,4",,,,"3,4",,"3,4",,,,"3,4",,,,,"3,4","3,4",,,,,,,,,,"3,4",,"3,4",,,"2,4",,"3,4","2,4",,,,,,,"3,4",,,,,,,,"3,6","2,5",,,"1,4",,,,"3,4","3,5","2,4",,,,,"2,5",,"1,4",,,,,"2,4",,,,,,"2,4",,,"2,4",,,"2,4",,,,,,,,,,,,"3,4","3,4",,,,,,,"3,4",,"3,4",,,"3,4",,,,,"3,4","3,4",,,,,,,,,"1,4",,,,"2,5",,,,"1,5",,,,,,,,,,,"1,4",,"1,5",,5e311dd7a390be11ebfc23c3
2021-05-24 17:23:52,2021-05-24 17:30:29,0,24.216.104.227,100,397,1,2021-05-24 17:30:29,R_QgIG3Oeax5cuIX7,,,,,35.5054931640625,-82.99120330810546875,anonymous,EN,609f3d40caf6af698006b21a,"3,4","3,4",,,"3,4",,,,,,,,,"3,4",,,"3,4",,,,,,"3,4","3,4",,,,,,,"3,4",,,,,,,,,,"3,4",,,,"3,5",,"3,4",,,,,,"3,4",,,,,"3,4","3,4",,,,,,"3,4",,"3,4",,,,,,"2,5","3,4",,"2,4",,,,,"3,4",,"3,4",,"3,4","3,4",,,,,"2,4",,,,,,"2,5","3,4","3,4","3,4","2,4","3,4","3,4",,"1,4",,,,"2,4",,,"3,4",,,,,"3,4",,,,,"3,4","3,4",,,"3,4",,,,,"3,4",,,,,"3,4",,,,,,,,,,,,,,,,,"1,5",,,,,,,,"2,4",,,,,,609f3d40caf6af698006b21a
2021-05-24 17:19:45,2021-05-24 17:30:50,0,174.255.211.19,100,664,1,2021-05-24 17:30:50,R_2znYnGtInRoZEdc,,,,,32.478302001953125,-84.89849853515625,anonymous,EN,5f4693dd5a01ee01193a58e0,"3,4","3,4","3,4",,,,,,,,"2,4",,,"3,4",,,,,"3,4",,,,,,,,"2,4",,,,"3,4","2,4",,,,,,,,,,,,"3,4","3,4",,,"3,4",,,,,,"2,4",,"2,5",,"2,5","2,6","3,5",,,"3,4",,,,,,"2,6",,,,"3,5",,,,"2,5",,,"2,4",,"2,4",,"3,4",,,"2,4",,,"3,5",,,,,,,,,,,,,,,,,,"3,4",,"3,4",,,,,,"3,4",,"3,4",,"3,4",,"3,4","3,4",,,,"2,4","3,4","3,4",,,,,,,"3,4",,,,,"3,4",,"3,4",,"3,4","1,4",,,,,,,,,,,,,,,,,,,"1,4",,5f4693dd5a01ee01193a58e0
2021-05-24 17:22:30,2021-05-24 17:33:13,0,172.58.171.31,100,642,1,2021-05-24 17:33:13,R_10xdJP82QD0SOHp,,,,,28.529998779296875,-81.40570068359375,anonymous,EN,5e69d26e9452140389f5070f,,,"3,4",,"3,4","2,4",,"3,4",,,,"3,4",,,,,,,,,,,"3,4",,,,,,,"3,4",,,,"3,4","3,4",,,,,,"3,4",,,,,"3,4",,,,,"3,4","3,4",,,"3,4",,"3,4",,"2,5",,,,"3,4",,,"3,4",,,,,,"3,4",,,,"3,4",,"3,4","3,4","3,4",,,,,"2,5",,,"2,5",,,,,,,,,,,,,,"2,4",,,"1,4",,,,,"3,4",,,"3,4",,,,,"3,4",,,,"3,4","3,4",,"3,4",,,,,"3,4","3,4",,"1,5","2,4","3,4",,,,,,,,,,,,"3,5",,,,"1,5",,,,,,,"1,6",,,,"1,5",,,,,5e69d26e9452140389f5070f
2021-05-24 17:20:18,2021-05-24 17:34:48,0,76.186.135.209,100,869,1,2021-05-24 17:34:48,R_1jMV0PuobZcA4vD,,,,,33.1909027099609375,-96.6197967529296875,anonymous,EN,5ec4b21a7207c93a44fbdb83,,"3,4",,,,,"3,4",,,,,,,,,,"3,4","3,4",,,,,,,,,"2,4",,,,,,"3,4",,"3,4",,,,"3,4",,,,,"3,4",,,"3,4",,,"3,4",,"3,4",,,,"3,4",,,,"3,4",,"3,4",,"3,4",,,,,"3,4","3,4",,,,,,,"3,4",,,,,,,,,"2,4",,"3,4",,,,,,,,,,"3,4",,,,,"2,4",,,,"3,4",,,"3,4","3,4",,"3,4","3,4",,,"3,4",,"3,4",,,,"3,4",,,,"3,4",,"3,4","3,4",,,"1,4",,,,"2,4",,,,,"3,4",,"2,4",,,,,,,"1,4",,,,,,,,"1,4",,"1,4",,,,,"1,4",5ec4b21a7207c93a44fbdb83
2021-05-24 17:24:27,2021-05-24 17:35:59,0,8.40.190.223,100,692,1,2021-05-24 17:35:59,R_1KlhdUxHwteC5NF,,,,,35.295196533203125,-96.95909881591796875,anonymous,EN,5f59ce6bf4d188227440a9d2,,"3,4",,,,"3,4",,,,,,"2,5","3,4",,,,,,,,,,,,"3,4",,"3,4",,"3,4","3,4",,,"3,4",,,,,,"3,4",,,,,"3,4",,,"3,4",,,,,,,,"3,4",,,,,,,,,,,,"3,4",,,"3,4",,,,"2,4",,,,"3,4",,,,"3,5",,,,"2,5",,"3,4",,,,,"3,4",,"3,5",,,,"3,4",,"3,4","3,4",,,,,,"3,4","1,4",,,,,,,,,"3,4",,,,"3,4",,,"3,4",,,"3,4",,,,,,"3,4",,,"3,4","3,4",,,,,,"2,4",,,,,"3,4","2,4",,"2,6","2,6","2,6",,,"1,5",,,,,,,"1,4",,,5f59ce6bf4d188227440a9d2
2021-05-24 17:24:07,2021-05-24 17:37:43,0,216.100.234.2,100,815,1,2021-05-24 17:37:44,R_bDFsfuPo0BoTKLL,,,,,37.8332977294921875,-121.9208984375,anonymous,EN,5c71d962cbfa390001baa909,,,,,"3,4",,,"2,4",,"3,4",,,,"3,4",,,,,"3,4",,,"2,5",,,,,,,,,"3,4",,,,,"3,4","3,4","3,4","3,4","3,4",,,"2,4",,"2,5",,,,"3,4",,,,,,,,,"2,6",,,,"3,4",,,"3,4",,"3,4",,,"1,6",,,,"2,4",,"2,5","2,4",,,,,,,,,,,,"3,4",,,,"3,4",,,"2,5",,"3,4",,"2,6","1,4",,,"3,4","2,4",,,,,,"2,4","3,4",,,,,,,,,"3,4",,,,,"3,4","3,4",,,,,,"2,4","2,4",,"3,4",,,"3,4","3,4",,,,,,,,,,,,,,,"3,6",,,,,,,,,,,,5c71d962cbfa390001baa909
